subject_name	mandatory_level	instructors
アナログ電子制御I	必修	坂上 憲光
セミナ-	必修	大津 広敬
セミナ-	必修	左近 拓男
セミナ-	必修	小川 圭二
セミナ-	必修	森 正和
セミナ-	必修	大塩 裕哉
セミナ-	必修	永瀬 純也
セミナ-	必修	渋谷 恒司
セミナ-	必修	野口 佳樹
セミナ-	必修	塩見 洋一
セミナ-	必修	田原 大輔
セミナ-	必修	坂上 憲光
セミナ-	必修	辻上 哲也
セミナ-	必修	譽田 登
科学技術英語	必修	大津 広敬
科学技術英語	必修	渋谷 恒司
科学技術英語	必修	森 正和
科学技術英語	必修	小川 圭二
科学技術英語	必修	譽田 登
科学技術英語	必修	左近 拓男
科学技術英語	必修	塩見 洋一
科学技術英語	必修	永瀬 純也
科学技術英語	必修	野口 佳樹
科学技術英語	必修	大塩 裕哉
科学技術英語	必修	田原 大輔
科学技術英語	必修	辻上 哲也
科学技術英語	必修	坂上 憲光
基礎力学I	必修	左近 拓男, 譽田 登
基礎力学II	必修	左近 拓男, 譽田 登
機械工学·ロボティクス実験	必修	永瀬 純也, 黒田 良一, 小川 圭二, 森 正和
機械工学·ロボティクス実験	必修	永瀬 純也, 黒田 良一, 小川 圭二, 森 正和
機械工学·ロボティクス入門	必修	永瀬 純也, 小川 圭二, 森 正和, 大塩 裕哉, 田原 大輔, 野口 佳樹, 譽田 登
機械工学基礎実験	必修	塩見 洋一, 坂上 憲光, 渋谷 恒司, 大塩 裕哉, 大津 広敬, 辻上 哲也, 田原 大輔, 野口 佳樹, 譽田 登
機械製図I	必修	小川 圭二
機械製図II	必修	塩見 洋一
機械要素	必修	小川 圭二
計算機プログラミング実習	必修	辻上 哲也
材料力学·機械力学演習	必修	田原 大輔
重積分	必修	大塩 裕哉
情報基礎	必修	野口 佳樹
数学·物理学演習I	必修	塩見 洋一
数学·物理学演習II	必修	小川 圭二
制御工学I	必修	渋谷 恒司
設計製図	必修	譽田 登
線形代数I	必修	辻上 哲也, 田原 大輔
線形代数II	必修	辻上 哲也, 田原 大輔
電子·制御演習	必修	永瀬 純也
特別研究	必修	大津 広敬
特別研究	必修	大塩 裕哉
特別研究	必修	野口 佳樹
特別研究	必修	永瀬 純也
特別研究	必修	坂上 憲光
特別研究	必修	辻上 哲也
特別研究	必修	田原 大輔
特別研究	必修	渋谷 恒司
特別研究	必修	塩見 洋一
特別研究	必修	左近 拓男
特別研究	必修	譽田 登
特別研究	必修	小川 圭二
特別研究	必修	森 正和
熱·流体演習	必修	大塩 裕哉, 大津 広敬
熱力学I	必修	大津 広敬
粘性流体力学	必修	大塩 裕哉
微分積分	必修	前田 英史, 大津 広敬
微分方程式	必修	前田 英史, 野口 佳樹
物理実験	必修	左近 拓男, 前田 英史
偏微分	必修	大塩 裕哉
力学I	必修	左近 拓男, 森 正和
力学II	必修	左近 拓男, 野口 佳樹
