src/syllabus/2025/json/Y001055010.json,無効なISBN: 978462780552 (オートマトン・言語理論 (第二版)),2025-06-17 21:36:21
src/syllabus/2025/json/Y003059010.json,無効なISBN: 427421608 (アナログ電子回路の基礎),2025-06-17 21:36:22
src/syllabus/2025/json/Y003067010.json,無効なISBN: 9784399018653 (モバイルコミュニケーション),2025-06-17 21:36:22
src/syllabus/2025/json/Y004007010.json,無効なISBN: 456300197 (改訂　演習・微分積分学),2025-06-17 21:36:22
src/syllabus/2025/json/Y004010010.json,無効なISBN: 456300197 (改訂　演習・微分積分学),2025-06-17 21:36:22
src/syllabus/2025/json/Y004013010.json,無効なISBN: 456300197 (改訂　演習・微分積分学),2025-06-17 21:36:22
src/syllabus/2025/json/Y004050010.json,無効なISBN: 978462766634 (図解SolidWorks実習(第３版)),2025-06-17 21:36:22
src/syllabus/2025/json/Y004065010.json,無効なISBN: 6276116117 (計測工学),2025-06-17 21:36:23
src/syllabus/2025/json/Y005045010.json,無効なISBN: 490050856 (技術者のための化学工学の基礎と実践),2025-06-17 21:36:23
src/syllabus/2025/json/Y005074010.json,無効なISBN: 8978406156020 (有機機能材料),2025-06-17 21:36:23
src/syllabus/2025/json/Y005078010.json,無効なISBN: 490050856 (技術者のための化学工学の基礎と実践),2025-06-17 21:36:23
src/syllabus/2025/json/Y005080700.json,無効なISBN: 97835273464 (Diarylethene Molecular Photoswitches),2025-06-17 21:36:23
src/syllabus/2025/json/Y006023010.json,無効なISBN: 978053247 (鳥越皓之 帯谷博明),2025-06-17 21:36:24
src/syllabus/2025/json/Y006034010.json,無効なISBN: 844520075 (機械設計製図便覧),2025-06-17 21:36:24
src/syllabus/2025/json/Y006034010.json,無効なISBN: 320080266 (機械製図の基礎と演習),2025-06-17 21:36:24
src/syllabus/2025/json/Y006057010.json,無効なISBN: 784320057760 (エコシステムマネジメント),2025-06-17 21:36:25
src/syllabus/2025/json/Y720000120.json,無効なISBN: 0 (スッキリ！がってん！ 有機EL の本),2025-06-17 21:36:30
src/syllabus/2025/json/Y720000121.json,無効なISBN: 0 (ゼロから作るDeep Learning ―Pythonで学ぶディープラーニングの理論と実装),2025-06-17 21:36:30
src/syllabus/2025/json/Y720000121.json,無効なISBN: 0 (搭載!! 人工知能),2025-06-17 21:36:30
src/syllabus/2025/json/Y730000127.json,無効なISBN: 9784627675573 (燃焼学),2025-06-17 21:36:32
src/syllabus/2025/json/Y730000130.json,無効なISBN: 456306713 (材料の科学と工学 ２),2025-06-17 21:36:32
src/syllabus/2025/json/Y730000131.json,無効なISBN: 456306713 (材料の科学と工学 ２),2025-06-17 21:36:32
src/syllabus/2025/json/Y730000142.json,無効なISBN: 563034908 (有限要素法入門 改訂版),2025-06-17 21:36:33
src/syllabus/2025/json/Y740000111.json,無効なISBN: 480790484 (大学院講義有機化学1),2025-06-17 21:36:35
src/syllabus/2025/json/Y740000111.json,無効なISBN: 480790485 (大学院講義有機化学2),2025-06-17 21:36:35
src/syllabus/2025/json/Y740000131.json,無効なISBN: 480790485 (大学院講義有機化学Ⅱ),2025-06-17 21:36:36
src/syllabus/2025/json/Y740000132.json,無効なISBN: 480790485 (大学院講義有機化学Ⅱ),2025-06-17 21:36:36
src/syllabus/2025/json/Y740000134.json,無効なISBN: 476934130 (わかりやすい機能性色素材料),2025-06-17 21:36:36
src/syllabus/2025/json/Y740000134.json,無効なISBN: 784061568020 (有機機能材料),2025-06-17 21:36:36
src/syllabus/2025/json/Y001028010.json,問題レコード: 書籍名類似度低 (ISBN: 9784785315795, 類似度: 0.150),2025-06-19 11:10:14
src/syllabus/2025/json/Y001037010.json,問題レコード: 書籍名類似度低 (ISBN: 9784785315795, 類似度: 0.150),2025-06-19 11:10:18
src/syllabus/2025/json/Y001049010.json,問題レコード: 書籍名類似度低 (ISBN: 9784797389463, 類似度: 0.190),2025-06-19 11:10:23
src/syllabus/2025/json/Y001050010.json,問題レコード: 書籍名類似度低 (ISBN: 9784320122079, 類似度: 0.000),2025-06-19 11:10:23
src/syllabus/2025/json/Y001055010.json,問題レコード: 書籍名類似度低 (ISBN: 9784320122079, 類似度: 0.000),2025-06-19 11:10:23
src/syllabus/2025/json/Y003024010.json,問題レコード: 書籍名類似度低 (ISBN: 9784000077132, 類似度: 0.187),2025-06-19 11:10:40
src/syllabus/2025/json/Y003029010.json,問題レコード: 書籍名類似度低 (ISBN: 9784000077132, 類似度: 0.187),2025-06-19 11:10:42
src/syllabus/2025/json/Y003065010.json,問題レコード: 書籍名類似度低 (ISBN: 9784901496780, 類似度: 0.054),2025-06-19 11:10:58
src/syllabus/2025/json/Y004004010.json,問題レコード: 書籍名類似度低 (ISBN: 9784627162112, 類似度: 0.117),2025-06-19 11:11:00
src/syllabus/2025/json/Y004013010.json,問題レコード: 書籍名類似度低 (ISBN: 9784627162112, 類似度: 0.117),2025-06-19 11:11:06
src/syllabus/2025/json/Y004017010.json,問題レコード: 書籍名類似度低 (ISBN: 9784888983341, 類似度: 0.188),2025-06-19 11:11:10
src/syllabus/2025/json/Y004019010.json,問題レコード: 書籍名類似度低 (ISBN: 9784888981194, 類似度: 0.100),2025-06-19 11:11:10
src/syllabus/2025/json/Y004024010.json,問題レコード: 書籍名類似度低 (ISBN: 9784888983341, 類似度: 0.188),2025-06-19 11:11:13
src/syllabus/2025/json/Y004026010.json,問題レコード: 書籍名類似度低 (ISBN: 9784888981194, 類似度: 0.100),2025-06-19 11:11:13
src/syllabus/2025/json/Y004033010.json,問題レコード: 書籍名類似度低 (ISBN: 9784888981194, 類似度: 0.100),2025-06-19 11:11:16
src/syllabus/2025/json/Y004038010.json,問題レコード: 書籍名類似度低 (ISBN: 9784274222825, 類似度: 0.078),2025-06-19 11:11:20
src/syllabus/2025/json/Y004042010.json,問題レコード: 書籍名類似度低 (ISBN: 9784888981194, 類似度: 0.100),2025-06-19 11:11:21
src/syllabus/2025/json/Y004060010.json,問題レコード: 書籍名類似度低 (ISBN: 9784274222825, 類似度: 0.078),2025-06-19 11:11:31
src/syllabus/2025/json/Y005015010.json,問題レコード: 書籍名類似度低 (ISBN: 9784807908066, 類似度: 0.024),2025-06-19 11:11:50
src/syllabus/2025/json/Y005016010.json,問題レコード: 書籍名類似度低 (ISBN: 9784807908981, 類似度: 0.044),2025-06-19 11:11:51
src/syllabus/2025/json/Y005020010.json,問題レコード: 書籍名類似度低 (ISBN: 9784807906970, 類似度: 0.000),2025-06-19 11:11:54
src/syllabus/2025/json/Y005045010.json,問題レコード: 書籍名類似度低 (ISBN: 9784320088702, 類似度: 0.081),2025-06-19 11:12:21
src/syllabus/2025/json/Y005047010.json,問題レコード: 書籍名類似度低 (ISBN: 9784900041011, 類似度: 0.135),2025-06-19 11:12:22
src/syllabus/2025/json/Y005052010.json,問題レコード: 書籍名類似度低 (ISBN: 9784486020981, 類似度: 0.146),2025-06-19 11:12:26
src/syllabus/2025/json/Y005060010.json,問題レコード: 書籍名類似度低 (ISBN: 9784900041011, 類似度: 0.135),2025-06-19 11:12:34
src/syllabus/2025/json/Y005066010.json,問題レコード: 書籍名類似度低 (ISBN: 9784900041011, 類似度: 0.135),2025-06-19 11:12:44
src/syllabus/2025/json/Y005068010.json,問題レコード: 書籍名類似度低 (ISBN: 9784061568020, 類似度: 0.000),2025-06-19 11:12:44
src/syllabus/2025/json/Y005078010.json,問題レコード: 書籍名類似度低 (ISBN: 9784320088702, 類似度: 0.081),2025-06-19 11:12:52
src/syllabus/2025/json/Y005079020.json,問題レコード: 書籍名類似度低 (ISBN: 9784061543232, 類似度: 0.194),2025-06-19 11:12:54
src/syllabus/2025/json/Y740000131.json,問題レコード: 書籍名類似度低 (ISBN: 9784807904846, 類似度: 0.150),2025-06-19 11:14:17
src/syllabus/2025/json/Y740000132.json,問題レコード: 書籍名類似度低 (ISBN: 9784807904846, 類似度: 0.150),2025-06-19 11:14:17
src/syllabus/2025/json/Y750000130.json,問題レコード: 書籍名類似度低 (ISBN: 9784873119458, 類似度: 0.000),2025-06-19 11:14:22
src/syllabus/2025/json/Y750000131.json,問題レコード: 書籍名類似度低 (ISBN: 9784873119458, 類似度: 0.000),2025-06-19 11:14:22
src/syllabus/2025/json/Y001028010.json,問題レコード: 書籍名類似度低 (ISBN: 9784785315795, 類似度: 0.150),2025-06-19 11:18:42
src/syllabus/2025/json/Y001037010.json,問題レコード: 書籍名類似度低 (ISBN: 9784785315795, 類似度: 0.150),2025-06-19 11:18:46
src/syllabus/2025/json/Y001049010.json,問題レコード: 書籍名類似度低 (ISBN: 9784797389463, 類似度: 0.190),2025-06-19 11:18:51
src/syllabus/2025/json/Y001050010.json,問題レコード: 書籍名類似度低 (ISBN: 9784320122079, 類似度: 0.000),2025-06-19 11:18:51
src/syllabus/2025/json/Y001055010.json,問題レコード: 書籍名類似度低 (ISBN: 9784320122079, 類似度: 0.000),2025-06-19 11:18:51
src/syllabus/2025/json/Y003024010.json,問題レコード: 書籍名類似度低 (ISBN: 9784000077132, 類似度: 0.187),2025-06-19 11:19:08
src/syllabus/2025/json/Y003029010.json,問題レコード: 書籍名類似度低 (ISBN: 9784000077132, 類似度: 0.187),2025-06-19 11:19:10
src/syllabus/2025/json/Y003065010.json,問題レコード: 書籍名類似度低 (ISBN: 9784901496780, 類似度: 0.054),2025-06-19 11:19:26
src/syllabus/2025/json/Y004004010.json,問題レコード: 書籍名類似度低 (ISBN: 9784627162112, 類似度: 0.117),2025-06-19 11:19:27
src/syllabus/2025/json/Y004013010.json,問題レコード: 書籍名類似度低 (ISBN: 9784627162112, 類似度: 0.117),2025-06-19 11:19:34
src/syllabus/2025/json/Y004017010.json,問題レコード: 書籍名類似度低 (ISBN: 9784888983341, 類似度: 0.188),2025-06-19 11:19:37
src/syllabus/2025/json/Y004019010.json,問題レコード: 書籍名類似度低 (ISBN: 9784888981194, 類似度: 0.100),2025-06-19 11:19:37
src/syllabus/2025/json/Y004024010.json,問題レコード: 書籍名類似度低 (ISBN: 9784888983341, 類似度: 0.188),2025-06-19 11:19:41
src/syllabus/2025/json/Y004026010.json,問題レコード: 書籍名類似度低 (ISBN: 9784888981194, 類似度: 0.100),2025-06-19 11:19:41
src/syllabus/2025/json/Y004033010.json,問題レコード: 書籍名類似度低 (ISBN: 9784888981194, 類似度: 0.100),2025-06-19 11:19:44
src/syllabus/2025/json/Y004038010.json,問題レコード: 書籍名類似度低 (ISBN: 9784274222825, 類似度: 0.078),2025-06-19 11:19:47
src/syllabus/2025/json/Y004042010.json,問題レコード: 書籍名類似度低 (ISBN: 9784888981194, 類似度: 0.100),2025-06-19 11:19:49
src/syllabus/2025/json/Y004060010.json,問題レコード: 書籍名類似度低 (ISBN: 9784274222825, 類似度: 0.078),2025-06-19 11:19:59
src/syllabus/2025/json/Y005015010.json,問題レコード: 書籍名類似度低 (ISBN: 9784807908066, 類似度: 0.024),2025-06-19 11:20:17
src/syllabus/2025/json/Y005016010.json,問題レコード: 書籍名類似度低 (ISBN: 9784807908981, 類似度: 0.044),2025-06-19 11:20:19
src/syllabus/2025/json/Y005020010.json,問題レコード: 書籍名類似度低 (ISBN: 9784807906970, 類似度: 0.000),2025-06-19 11:20:22
src/syllabus/2025/json/Y005045010.json,問題レコード: 書籍名類似度低 (ISBN: 9784320088702, 類似度: 0.081),2025-06-19 11:20:48
src/syllabus/2025/json/Y005047010.json,問題レコード: 書籍名類似度低 (ISBN: 9784900041011, 類似度: 0.135),2025-06-19 11:20:49
src/syllabus/2025/json/Y005052010.json,問題レコード: 書籍名類似度低 (ISBN: 9784486020981, 類似度: 0.146),2025-06-19 11:20:54
src/syllabus/2025/json/Y005060010.json,問題レコード: 書籍名類似度低 (ISBN: 9784900041011, 類似度: 0.135),2025-06-19 11:21:01
src/syllabus/2025/json/Y005066010.json,問題レコード: 書籍名類似度低 (ISBN: 9784900041011, 類似度: 0.135),2025-06-19 11:21:11
src/syllabus/2025/json/Y005068010.json,問題レコード: 書籍名類似度低 (ISBN: 9784061568020, 類似度: 0.000),2025-06-19 11:21:11
src/syllabus/2025/json/Y005078010.json,問題レコード: 書籍名類似度低 (ISBN: 9784320088702, 類似度: 0.081),2025-06-19 11:21:19
src/syllabus/2025/json/Y005079020.json,問題レコード: 書籍名類似度低 (ISBN: 9784061543232, 類似度: 0.194),2025-06-19 11:21:21
src/syllabus/2025/json/Y740000131.json,問題レコード: 書籍名類似度低 (ISBN: 9784807904846, 類似度: 0.150),2025-06-19 11:22:44
src/syllabus/2025/json/Y740000132.json,問題レコード: 書籍名類似度低 (ISBN: 9784807904846, 類似度: 0.150),2025-06-19 11:22:44
src/syllabus/2025/json/Y750000130.json,問題レコード: 書籍名類似度低 (ISBN: 9784873119458, 類似度: 0.000),2025-06-19 11:22:49
src/syllabus/2025/json/Y750000131.json,問題レコード: 書籍名類似度低 (ISBN: 9784873119458, 類似度: 0.000),2025-06-19 11:22:49
src/syllabus/2025/json/Y001028010.json,問題レコード: 書籍名類似度低 (ISBN: 9784785315795, 類似度: 0.150),2025-06-19 11:25:10
src/syllabus/2025/json/Y001037010.json,問題レコード: 書籍名類似度低 (ISBN: 9784785315795, 類似度: 0.150),2025-06-19 11:25:15
src/syllabus/2025/json/Y001049010.json,問題レコード: 書籍名類似度低 (ISBN: 9784797389463, 類似度: 0.190),2025-06-19 11:25:19
src/syllabus/2025/json/Y001050010.json,問題レコード: 書籍名類似度低 (ISBN: 9784320122079, 類似度: 0.000),2025-06-19 11:25:19
src/syllabus/2025/json/Y001055010.json,問題レコード: 書籍名類似度低 (ISBN: 9784320122079, 類似度: 0.000),2025-06-19 11:25:19
src/syllabus/2025/json/Y003024010.json,問題レコード: 書籍名類似度低 (ISBN: 9784000077132, 類似度: 0.187),2025-06-19 11:25:36
src/syllabus/2025/json/Y003029010.json,問題レコード: 書籍名類似度低 (ISBN: 9784000077132, 類似度: 0.187),2025-06-19 11:25:38
src/syllabus/2025/json/Y003065010.json,問題レコード: 書籍名類似度低 (ISBN: 9784901496780, 類似度: 0.054),2025-06-19 11:25:54
src/syllabus/2025/json/Y004004010.json,問題レコード: 書籍名類似度低 (ISBN: 9784627162112, 類似度: 0.117),2025-06-19 11:25:55
src/syllabus/2025/json/Y004013010.json,問題レコード: 書籍名類似度低 (ISBN: 9784627162112, 類似度: 0.117),2025-06-19 11:26:02
src/syllabus/2025/json/Y004017010.json,問題レコード: 書籍名類似度低 (ISBN: 9784888983341, 類似度: 0.188),2025-06-19 11:26:06
src/syllabus/2025/json/Y004019010.json,問題レコード: 書籍名類似度低 (ISBN: 9784888981194, 類似度: 0.100),2025-06-19 11:26:06
src/syllabus/2025/json/Y004024010.json,問題レコード: 書籍名類似度低 (ISBN: 9784888983341, 類似度: 0.188),2025-06-19 11:26:09
src/syllabus/2025/json/Y004026010.json,問題レコード: 書籍名類似度低 (ISBN: 9784888981194, 類似度: 0.100),2025-06-19 11:26:09
src/syllabus/2025/json/Y004033010.json,問題レコード: 書籍名類似度低 (ISBN: 9784888981194, 類似度: 0.100),2025-06-19 11:26:12
src/syllabus/2025/json/Y004038010.json,問題レコード: 書籍名類似度低 (ISBN: 9784274222825, 類似度: 0.078),2025-06-19 11:26:16
src/syllabus/2025/json/Y004042010.json,問題レコード: 書籍名類似度低 (ISBN: 9784888981194, 類似度: 0.100),2025-06-19 11:26:17
src/syllabus/2025/json/Y004060010.json,問題レコード: 書籍名類似度低 (ISBN: 9784274222825, 類似度: 0.078),2025-06-19 11:26:27
src/syllabus/2025/json/Y005015010.json,問題レコード: 書籍名類似度低 (ISBN: 9784807908066, 類似度: 0.024),2025-06-19 11:26:46
src/syllabus/2025/json/Y005016010.json,問題レコード: 書籍名類似度低 (ISBN: 9784807908981, 類似度: 0.044),2025-06-19 11:26:47
src/syllabus/2025/json/Y005020010.json,問題レコード: 書籍名類似度低 (ISBN: 9784807906970, 類似度: 0.000),2025-06-19 11:26:50
src/syllabus/2025/json/Y005045010.json,問題レコード: 書籍名類似度低 (ISBN: 9784320088702, 類似度: 0.081),2025-06-19 11:27:17
src/syllabus/2025/json/Y005047010.json,問題レコード: 書籍名類似度低 (ISBN: 9784900041011, 類似度: 0.135),2025-06-19 11:27:18
src/syllabus/2025/json/Y005052010.json,問題レコード: 書籍名類似度低 (ISBN: 9784486020981, 類似度: 0.146),2025-06-19 11:27:22
src/syllabus/2025/json/Y005060010.json,問題レコード: 書籍名類似度低 (ISBN: 9784900041011, 類似度: 0.135),2025-06-19 11:27:30
src/syllabus/2025/json/Y005066010.json,問題レコード: 書籍名類似度低 (ISBN: 9784900041011, 類似度: 0.135),2025-06-19 11:27:40
src/syllabus/2025/json/Y005068010.json,問題レコード: 書籍名類似度低 (ISBN: 9784061568020, 類似度: 0.000),2025-06-19 11:27:40
src/syllabus/2025/json/Y005078010.json,問題レコード: 書籍名類似度低 (ISBN: 9784320088702, 類似度: 0.081),2025-06-19 11:27:48
src/syllabus/2025/json/Y005079020.json,問題レコード: 書籍名類似度低 (ISBN: 9784061543232, 類似度: 0.194),2025-06-19 11:27:50
src/syllabus/2025/json/Y740000131.json,問題レコード: 書籍名類似度低 (ISBN: 9784807904846, 類似度: 0.150),2025-06-19 11:29:13
src/syllabus/2025/json/Y740000132.json,問題レコード: 書籍名類似度低 (ISBN: 9784807904846, 類似度: 0.150),2025-06-19 11:29:13
src/syllabus/2025/json/Y750000130.json,問題レコード: 書籍名類似度低 (ISBN: 9784873119458, 類似度: 0.000),2025-06-19 11:29:18
src/syllabus/2025/json/Y750000131.json,問題レコード: 書籍名類似度低 (ISBN: 9784873119458, 類似度: 0.000),2025-06-19 11:29:18
src/syllabus/2025/json/Y001028010.json,問題レコード: 書籍名類似度低 (ISBN: 9784785315795, 類似度: 0.150),2025-06-19 11:36:06
src/syllabus/2025/json/Y001037010.json,問題レコード: 書籍名類似度低 (ISBN: 9784785315795, 類似度: 0.150),2025-06-19 11:36:08
src/syllabus/2025/json/Y001049010.json,問題レコード: 書籍名類似度低 (ISBN: 9784797389463, 類似度: 0.190),2025-06-19 11:36:10
src/syllabus/2025/json/Y001050010.json,問題レコード: 書籍名類似度低 (ISBN: 9784320122079, 類似度: 0.000),2025-06-19 11:36:10
src/syllabus/2025/json/Y001055010.json,問題レコード: 書籍名類似度低 (ISBN: 9784320122079, 類似度: 0.000),2025-06-19 11:36:11
src/syllabus/2025/json/Y003024010.json,問題レコード: 書籍名類似度低 (ISBN: 9784000077132, 類似度: 0.187),2025-06-19 11:36:24
src/syllabus/2025/json/Y003029010.json,問題レコード: 書籍名類似度低 (ISBN: 9784000077132, 類似度: 0.187),2025-06-19 11:36:25
src/syllabus/2025/json/Y003065010.json,問題レコード: 書籍名類似度低 (ISBN: 9784901496780, 類似度: 0.054),2025-06-19 11:36:38
src/syllabus/2025/json/Y004004010.json,問題レコード: 書籍名類似度低 (ISBN: 9784627162112, 類似度: 0.117),2025-06-19 11:36:39
src/syllabus/2025/json/Y004013010.json,問題レコード: 書籍名類似度低 (ISBN: 9784627162112, 類似度: 0.117),2025-06-19 11:36:44
src/syllabus/2025/json/Y004017010.json,問題レコード: 書籍名類似度低 (ISBN: 9784888983341, 類似度: 0.188),2025-06-19 11:36:45
src/syllabus/2025/json/Y004019010.json,問題レコード: 書籍名類似度低 (ISBN: 9784888981194, 類似度: 0.100),2025-06-19 11:36:45
src/syllabus/2025/json/Y004024010.json,問題レコード: 書籍名類似度低 (ISBN: 9784888983341, 類似度: 0.188),2025-06-19 11:36:46
src/syllabus/2025/json/Y004026010.json,問題レコード: 書籍名類似度低 (ISBN: 9784888981194, 類似度: 0.100),2025-06-19 11:36:46
src/syllabus/2025/json/Y004033010.json,問題レコード: 書籍名類似度低 (ISBN: 9784888981194, 類似度: 0.100),2025-06-19 11:36:49
src/syllabus/2025/json/Y004038010.json,問題レコード: 書籍名類似度低 (ISBN: 9784274222825, 類似度: 0.078),2025-06-19 11:36:50
src/syllabus/2025/json/Y004042010.json,問題レコード: 書籍名類似度低 (ISBN: 9784888981194, 類似度: 0.100),2025-06-19 11:36:51
src/syllabus/2025/json/Y004060010.json,問題レコード: 書籍名類似度低 (ISBN: 9784274222825, 類似度: 0.078),2025-06-19 11:36:57
src/syllabus/2025/json/Y005015010.json,問題レコード: 書籍名類似度低 (ISBN: 9784807908066, 類似度: 0.024),2025-06-19 11:37:10
src/syllabus/2025/json/Y005016010.json,問題レコード: 書籍名類似度低 (ISBN: 9784807908981, 類似度: 0.044),2025-06-19 11:37:11
src/syllabus/2025/json/Y005020010.json,問題レコード: 書籍名類似度低 (ISBN: 9784807906970, 類似度: 0.000),2025-06-19 11:37:14
src/syllabus/2025/json/Y005045010.json,問題レコード: 書籍名類似度低 (ISBN: 9784320088702, 類似度: 0.081),2025-06-19 11:37:29
src/syllabus/2025/json/Y005047010.json,問題レコード: 書籍名類似度低 (ISBN: 9784900041011, 類似度: 0.135),2025-06-19 11:37:29
src/syllabus/2025/json/Y005052010.json,問題レコード: 書籍名類似度低 (ISBN: 9784486020981, 類似度: 0.146),2025-06-19 11:37:34
src/syllabus/2025/json/Y005060010.json,問題レコード: 書籍名類似度低 (ISBN: 9784900041011, 類似度: 0.135),2025-06-19 11:37:39
src/syllabus/2025/json/Y005066010.json,問題レコード: 書籍名類似度低 (ISBN: 9784900041011, 類似度: 0.135),2025-06-19 11:37:48
src/syllabus/2025/json/Y005068010.json,問題レコード: 書籍名類似度低 (ISBN: 9784061568020, 類似度: 0.000),2025-06-19 11:37:48
src/syllabus/2025/json/Y005078010.json,問題レコード: 書籍名類似度低 (ISBN: 9784320088702, 類似度: 0.081),2025-06-19 11:37:54
src/syllabus/2025/json/Y005079020.json,問題レコード: 書籍名類似度低 (ISBN: 9784061543232, 類似度: 0.194),2025-06-19 11:37:56
src/syllabus/2025/json/Y740000131.json,問題レコード: 書籍名類似度低 (ISBN: 9784807904846, 類似度: 0.150),2025-06-19 11:39:12
src/syllabus/2025/json/Y740000132.json,問題レコード: 書籍名類似度低 (ISBN: 9784807904846, 類似度: 0.150),2025-06-19 11:39:12
src/syllabus/2025/json/Y750000130.json,問題レコード: 書籍名類似度低 (ISBN: 9784873119458, 類似度: 0.000),2025-06-19 11:39:16
src/syllabus/2025/json/Y750000131.json,問題レコード: 書籍名類似度低 (ISBN: 9784873119458, 類似度: 0.000),2025-06-19 11:39:16
src/syllabus/2025/json/Y001028010.json,問題レコード: 書籍名類似度低 (ISBN: 9784785315795, 類似度: 0.150),2025-06-19 12:21:57
src/syllabus/2025/json/Y001037010.json,問題レコード: 書籍名類似度低 (ISBN: 9784785315795, 類似度: 0.150),2025-06-19 12:22:00
src/syllabus/2025/json/Y001049010.json,問題レコード: 書籍名類似度低 (ISBN: 9784797389463, 類似度: 0.190),2025-06-19 12:22:02
src/syllabus/2025/json/Y001050010.json,問題レコード: 書籍名類似度低 (ISBN: 9784320122079, 類似度: 0.000),2025-06-19 12:22:02
src/syllabus/2025/json/Y001055010.json,問題レコード: 書籍名類似度低 (ISBN: 9784320122079, 類似度: 0.000),2025-06-19 12:22:03
src/syllabus/2025/json/Y003024010.json,問題レコード: 書籍名類似度低 (ISBN: 9784000077132, 類似度: 0.187),2025-06-19 12:22:15
src/syllabus/2025/json/Y003029010.json,問題レコード: 書籍名類似度低 (ISBN: 9784000077132, 類似度: 0.187),2025-06-19 12:22:17
src/syllabus/2025/json/Y003065010.json,問題レコード: 書籍名類似度低 (ISBN: 9784901496780, 類似度: 0.054),2025-06-19 12:22:29
src/syllabus/2025/json/Y004004010.json,問題レコード: 書籍名類似度低 (ISBN: 9784627162112, 類似度: 0.117),2025-06-19 12:22:31
src/syllabus/2025/json/Y004013010.json,問題レコード: 書籍名類似度低 (ISBN: 9784627162112, 類似度: 0.117),2025-06-19 12:22:35
src/syllabus/2025/json/Y004017010.json,問題レコード: 書籍名類似度低 (ISBN: 9784888983341, 類似度: 0.188),2025-06-19 12:22:36
src/syllabus/2025/json/Y004019010.json,問題レコード: 書籍名類似度低 (ISBN: 9784888981194, 類似度: 0.100),2025-06-19 12:22:37
src/syllabus/2025/json/Y004024010.json,問題レコード: 書籍名類似度低 (ISBN: 9784888983341, 類似度: 0.188),2025-06-19 12:22:38
src/syllabus/2025/json/Y004026010.json,問題レコード: 書籍名類似度低 (ISBN: 9784888981194, 類似度: 0.100),2025-06-19 12:22:38
src/syllabus/2025/json/Y004033010.json,問題レコード: 書籍名類似度低 (ISBN: 9784888981194, 類似度: 0.100),2025-06-19 12:22:40
src/syllabus/2025/json/Y004038010.json,問題レコード: 書籍名類似度低 (ISBN: 9784274222825, 類似度: 0.078),2025-06-19 12:22:41
src/syllabus/2025/json/Y004042010.json,問題レコード: 書籍名類似度低 (ISBN: 9784888981194, 類似度: 0.100),2025-06-19 12:22:43
src/syllabus/2025/json/Y004060010.json,問題レコード: 書籍名類似度低 (ISBN: 9784274222825, 類似度: 0.078),2025-06-19 12:22:49
src/syllabus/2025/json/Y005015010.json,問題レコード: 書籍名類似度低 (ISBN: 9784807908066, 類似度: 0.024),2025-06-19 12:23:01
src/syllabus/2025/json/Y005016010.json,問題レコード: 書籍名類似度低 (ISBN: 9784807908981, 類似度: 0.044),2025-06-19 12:23:02
src/syllabus/2025/json/Y005020010.json,問題レコード: 書籍名類似度低 (ISBN: 9784807906970, 類似度: 0.000),2025-06-19 12:23:05
src/syllabus/2025/json/Y005045010.json,問題レコード: 書籍名類似度低 (ISBN: 9784320088702, 類似度: 0.081),2025-06-19 12:23:20
src/syllabus/2025/json/Y005047010.json,問題レコード: 書籍名類似度低 (ISBN: 9784900041011, 類似度: 0.135),2025-06-19 12:23:20
src/syllabus/2025/json/Y005052010.json,問題レコード: 書籍名類似度低 (ISBN: 9784486020981, 類似度: 0.146),2025-06-19 12:23:25
src/syllabus/2025/json/Y005060010.json,問題レコード: 書籍名類似度低 (ISBN: 9784900041011, 類似度: 0.135),2025-06-19 12:23:30
src/syllabus/2025/json/Y005066010.json,問題レコード: 書籍名類似度低 (ISBN: 9784900041011, 類似度: 0.135),2025-06-19 12:23:39
src/syllabus/2025/json/Y005068010.json,問題レコード: 書籍名類似度低 (ISBN: 9784061568020, 類似度: 0.000),2025-06-19 12:23:39
src/syllabus/2025/json/Y005078010.json,問題レコード: 書籍名類似度低 (ISBN: 9784320088702, 類似度: 0.081),2025-06-19 12:23:45
src/syllabus/2025/json/Y005079020.json,問題レコード: 書籍名類似度低 (ISBN: 9784061543232, 類似度: 0.194),2025-06-19 12:23:47
src/syllabus/2025/json/Y740000131.json,問題レコード: 書籍名類似度低 (ISBN: 9784807904846, 類似度: 0.150),2025-06-19 12:25:01
src/syllabus/2025/json/Y740000132.json,問題レコード: 書籍名類似度低 (ISBN: 9784807904846, 類似度: 0.150),2025-06-19 12:25:01
src/syllabus/2025/json/Y750000130.json,問題レコード: 書籍名類似度低 (ISBN: 9784873119458, 類似度: 0.000),2025-06-19 12:25:06
src/syllabus/2025/json/Y750000131.json,問題レコード: 書籍名類似度低 (ISBN: 9784873119458, 類似度: 0.000),2025-06-19 12:25:06
