エラータイプ,エラー内容
処理エラー,シラバスコードが見つかりません: Unknown
処理エラー,シラバスコードが見つかりません: Unknown
処理エラー,シラバスコードが見つかりません: Unknown
処理エラー,シラバスコードが見つかりません: Unknown
処理エラー,シラバスコードが見つかりません: Unknown
処理エラー,シラバスコードが見つかりません: Unknown
処理エラー,シラバスコードが見つかりません: Unknown
処理エラー,シラバスコードが見つかりません: Unknown
処理エラー,シラバスコードが見つかりません: Unknown
処理エラー,シラバスコードが見つかりません: Unknown
処理エラー,シラバスコードが見つかりません: Unknown
処理エラー,シラバスコードが見つかりません: Unknown
処理エラー,シラバスコードが見つかりません: Unknown
処理エラー,シラバスコードが見つかりません: Unknown
処理エラー,シラバスコードが見つかりません: Unknown
処理エラー,シラバスコードが見つかりません: Unknown
処理エラー,シラバスコードが見つかりません: Unknown
処理エラー,シラバスコードが見つかりません: Unknown
処理エラー,シラバスコードが見つかりません: Unknown
処理エラー,シラバスコードが見つかりません: Unknown
処理エラー,シラバスコードが見つかりません: Unknown
処理エラー,シラバスコードが見つかりません: Unknown
処理エラー,シラバスコードが見つかりません: Unknown
処理エラー,シラバスコードが見つかりません: Unknown
処理エラー,シラバスコードが見つかりません: Unknown
処理エラー,シラバスコードが見つかりません: Unknown
処理エラー,シラバスコードが見つかりません: Unknown
処理エラー,シラバスコードが見つかりません: Unknown
処理エラー,シラバスコードが見つかりません: Unknown
処理エラー,シラバスコードが見つかりません: Unknown
処理エラー,シラバスコードが見つかりません: Unknown
処理エラー,シラバスコードが見つかりません: Unknown
処理エラー,シラバスコードが見つかりません: Unknown
処理エラー,シラバスコードが見つかりません: Unknown
処理エラー,シラバスコードが見つかりません: Unknown
処理エラー,シラバスコードが見つかりません: Unknown
処理エラー,シラバスコードが見つかりません: Unknown
処理エラー,シラバスコードが見つかりません: Unknown
処理エラー,シラバスコードが見つかりません: Unknown
処理エラー,シラバスコードが見つかりません: Unknown
処理エラー,シラバスコードが見つかりません: Unknown
処理エラー,シラバスコードが見つかりません: Unknown
処理エラー,シラバスコードが見つかりません: Unknown
処理エラー,シラバスコードが見つかりません: Unknown
処理エラー,シラバスコードが見つかりません: Unknown
処理エラー,シラバスコードが見つかりません: Unknown
処理エラー,シラバスコードが見つかりません: Unknown
処理エラー,シラバスコードが見つかりません: Unknown
処理エラー,シラバスコードが見つかりません: Unknown
処理エラー,シラバスコードが見つかりません: Unknown
処理エラー,シラバスコードが見つかりません: Unknown
処理エラー,シラバスコードが見つかりません: Unknown
処理エラー,シラバスコードが見つかりません: Unknown
処理エラー,シラバスコードが見つかりません: Unknown
処理エラー,シラバスコードが見つかりません: Unknown
処理エラー,シラバスコードが見つかりません: Unknown
処理エラー,シラバスコードが見つかりません: Unknown
処理エラー,シラバスコードが見つかりません: Unknown
処理エラー,シラバスコードが見つかりません: Unknown
処理エラー,シラバスコードが見つかりません: Unknown
処理エラー,シラバスコードが見つかりません: Unknown
処理エラー,シラバスコードが見つかりません: Unknown
処理エラー,シラバスコードが見つかりません: Unknown
処理エラー,シラバスコードが見つかりません: Unknown
処理エラー,シラバスコードが見つかりません: Unknown
処理エラー,シラバスコードが見つかりません: Unknown
処理エラー,シラバスコードが見つかりません: Unknown
処理エラー,シラバスコードが見つかりません: Unknown
処理エラー,シラバスコードが見つかりません: Unknown
処理エラー,シラバスコードが見つかりません: Unknown
処理エラー,シラバスコードが見つかりません: Unknown
処理エラー,シラバスコードが見つかりません: Unknown
処理エラー,シラバスコードが見つかりません: Unknown
処理エラー,シラバスコードが見つかりません: Unknown
処理エラー,シラバスコードが見つかりません: Unknown
処理エラー,シラバスコードが見つかりません: Unknown
処理エラー,シラバスコードが見つかりません: Unknown
処理エラー,シラバスコードが見つかりません: Unknown
処理エラー,シラバスコードが見つかりません: Unknown
処理エラー,シラバスコードが見つかりません: Unknown
処理エラー,シラバスコードが見つかりません: Unknown
処理エラー,シラバスコードが見つかりません: Unknown
処理エラー,シラバスコードが見つかりません: Unknown
処理エラー,シラバスコードが見つかりません: Unknown
処理エラー,シラバスコードが見つかりません: Unknown
処理エラー,シラバスコードが見つかりません: Unknown
処理エラー,シラバスコードが見つかりません: Unknown
処理エラー,シラバスコードが見つかりません: Unknown
処理エラー,シラバスコードが見つかりません: Unknown
処理エラー,シラバスコードが見つかりません: Unknown
処理エラー,シラバスコードが見つかりません: Unknown
処理エラー,シラバスコードが見つかりません: Unknown
処理エラー,シラバスコードが見つかりません: Unknown
処理エラー,シラバスコードが見つかりません: Unknown
処理エラー,シラバスコードが見つかりません: Unknown
処理エラー,シラバスコードが見つかりません: Unknown
処理エラー,シラバスコードが見つかりません: Unknown
処理エラー,シラバスコードが見つかりません: Unknown
処理エラー,シラバスコードが見つかりません: Unknown
処理エラー,シラバスコードが見つかりません: Unknown
処理エラー,シラバスコードが見つかりません: Unknown
処理エラー,シラバスコードが見つかりません: Unknown
処理エラー,シラバスコードが見つかりません: Unknown
処理エラー,シラバスコードが見つかりません: Unknown
処理エラー,シラバスコードが見つかりません: Unknown
処理エラー,シラバスコードが見つかりません: Unknown
処理エラー,シラバスコードが見つかりません: Unknown
処理エラー,シラバスコードが見つかりません: Unknown
処理エラー,シラバスコードが見つかりません: Unknown
処理エラー,シラバスコードが見つかりません: Unknown
処理エラー,シラバスコードが見つかりません: Unknown
処理エラー,シラバスコードが見つかりません: Unknown
処理エラー,シラバスコードが見つかりません: Unknown
処理エラー,シラバスコードが見つかりません: Unknown
処理エラー,シラバスコードが見つかりません: Unknown
処理エラー,シラバスコードが見つかりません: Unknown
処理エラー,シラバスコードが見つかりません: Unknown
処理エラー,シラバスコードが見つかりません: Unknown
処理エラー,シラバスコードが見つかりません: Unknown
処理エラー,シラバスコードが見つかりません: Unknown
処理エラー,シラバスコードが見つかりません: Unknown
処理エラー,シラバスコードが見つかりません: Unknown
処理エラー,シラバスコードが見つかりません: Unknown
処理エラー,シラバスコードが見つかりません: Unknown
処理エラー,シラバスコードが見つかりません: Unknown
処理エラー,シラバスコードが見つかりません: Unknown
処理エラー,シラバスコードが見つかりません: Unknown
処理エラー,シラバスコードが見つかりません: Unknown
処理エラー,シラバスコードが見つかりません: Unknown
処理エラー,シラバスコードが見つかりません: Unknown
処理エラー,シラバスコードが見つかりません: Unknown
処理エラー,シラバスコードが見つかりません: Unknown
処理エラー,シラバスコードが見つかりません: Unknown
処理エラー,シラバスコードが見つかりません: Unknown
処理エラー,シラバスコードが見つかりません: Unknown
処理エラー,シラバスコードが見つかりません: Unknown
処理エラー,シラバスコードが見つかりません: Unknown
処理エラー,シラバスコードが見つかりません: Unknown
処理エラー,シラバスコードが見つかりません: Unknown
処理エラー,シラバスコードが見つかりません: Unknown
処理エラー,シラバスコードが見つかりません: Unknown
処理エラー,シラバスコードが見つかりません: Unknown
処理エラー,シラバスコードが見つかりません: Unknown
処理エラー,シラバスコードが見つかりません: Unknown
処理エラー,シラバスコードが見つかりません: Unknown
処理エラー,シラバスコードが見つかりません: Unknown
処理エラー,シラバスコードが見つかりません: Unknown
処理エラー,シラバスコードが見つかりません: Unknown
処理エラー,シラバスコードが見つかりません: Unknown
処理エラー,シラバスコードが見つかりません: Unknown
処理エラー,シラバスコードが見つかりません: Unknown
処理エラー,シラバスコードが見つかりません: Unknown
処理エラー,シラバスコードが見つかりません: Unknown
処理エラー,シラバスコードが見つかりません: Unknown
処理エラー,シラバスコードが見つかりません: Unknown
処理エラー,シラバスコードが見つかりません: Unknown
処理エラー,シラバスコードが見つかりません: Unknown
処理エラー,シラバスコードが見つかりません: Unknown
処理エラー,シラバスコードが見つかりません: Unknown
処理エラー,シラバスコードが見つかりません: Unknown
処理エラー,シラバスコードが見つかりません: Unknown
処理エラー,シラバスコードが見つかりません: Unknown
処理エラー,シラバスコードが見つかりません: Unknown
処理エラー,シラバスコードが見つかりません: Unknown
処理エラー,シラバスコードが見つかりません: Unknown
処理エラー,シラバスコードが見つかりません: Unknown
処理エラー,シラバスコードが見つかりません: Unknown
処理エラー,シラバスコードが見つかりません: Unknown
処理エラー,シラバスコードが見つかりません: Unknown
処理エラー,シラバスコードが見つかりません: Unknown
処理エラー,シラバスコードが見つかりません: Unknown
処理エラー,シラバスコードが見つかりません: Unknown
処理エラー,シラバスコードが見つかりません: Unknown
処理エラー,シラバスコードが見つかりません: Unknown
処理エラー,シラバスコードが見つかりません: Unknown
処理エラー,シラバスコードが見つかりません: Unknown
処理エラー,シラバスコードが見つかりません: Unknown
処理エラー,シラバスコードが見つかりません: Unknown
処理エラー,シラバスコードが見つかりません: Unknown
処理エラー,シラバスコードが見つかりません: Unknown
処理エラー,シラバスコードが見つかりません: Unknown
処理エラー,シラバスコードが見つかりません: Unknown
処理エラー,シラバスコードが見つかりません: Unknown
処理エラー,シラバスコードが見つかりません: Unknown
処理エラー,シラバスコードが見つかりません: Unknown
処理エラー,シラバスコードが見つかりません: Unknown
処理エラー,シラバスコードが見つかりません: Unknown
処理エラー,シラバスコードが見つかりません: Unknown
処理エラー,シラバスコードが見つかりません: Unknown
処理エラー,シラバスコードが見つかりません: Unknown
処理エラー,シラバスコードが見つかりません: Unknown
処理エラー,シラバスコードが見つかりません: Unknown
処理エラー,シラバスコードが見つかりません: Unknown
処理エラー,シラバスコードが見つかりません: Unknown
処理エラー,シラバスコードが見つかりません: Unknown
処理エラー,シラバスコードが見つかりません: Unknown
処理エラー,シラバスコードが見つかりません: Unknown
処理エラー,シラバスコードが見つかりません: Unknown
処理エラー,シラバスコードが見つかりません: Unknown
処理エラー,シラバスコードが見つかりません: Unknown
処理エラー,シラバスコードが見つかりません: Unknown
処理エラー,シラバスコードが見つかりません: Unknown
処理エラー,シラバスコードが見つかりません: Unknown
処理エラー,シラバスコードが見つかりません: Unknown
処理エラー,シラバスコードが見つかりません: Unknown
処理エラー,シラバスコードが見つかりません: Unknown
処理エラー,シラバスコードが見つかりません: Unknown
処理エラー,シラバスコードが見つかりません: Unknown
処理エラー,シラバスコードが見つかりません: Unknown
処理エラー,シラバスコードが見つかりません: Unknown
処理エラー,シラバスコードが見つかりません: Unknown
処理エラー,シラバスコードが見つかりません: Unknown
処理エラー,シラバスコードが見つかりません: Unknown
処理エラー,シラバスコードが見つかりません: Unknown
処理エラー,シラバスコードが見つかりません: Unknown
処理エラー,シラバスコードが見つかりません: Unknown
処理エラー,シラバスコードが見つかりません: Unknown
処理エラー,シラバスコードが見つかりません: Unknown
処理エラー,シラバスコードが見つかりません: Unknown
処理エラー,シラバスコードが見つかりません: Unknown
処理エラー,シラバスコードが見つかりません: Unknown
処理エラー,シラバスコードが見つかりません: Unknown
処理エラー,シラバスコードが見つかりません: Unknown
処理エラー,シラバスコードが見つかりません: Unknown
処理エラー,シラバスコードが見つかりません: Unknown
処理エラー,シラバスコードが見つかりません: Unknown
処理エラー,シラバスコードが見つかりません: Unknown
処理エラー,シラバスコードが見つかりません: Unknown
処理エラー,シラバスコードが見つかりません: Unknown
処理エラー,シラバスコードが見つかりません: Unknown
処理エラー,シラバスコードが見つかりません: Unknown
処理エラー,シラバスコードが見つかりません: Unknown
処理エラー,シラバスコードが見つかりません: Unknown
処理エラー,シラバスコードが見つかりません: Unknown
処理エラー,シラバスコードが見つかりません: Unknown
処理エラー,シラバスコードが見つかりません: Unknown
処理エラー,シラバスコードが見つかりません: Unknown
処理エラー,シラバスコードが見つかりません: Unknown
処理エラー,シラバスコードが見つかりません: Unknown
処理エラー,シラバスコードが見つかりません: Unknown
処理エラー,シラバスコードが見つかりません: Unknown
処理エラー,シラバスコードが見つかりません: Unknown
処理エラー,シラバスコードが見つかりません: Unknown
処理エラー,シラバスコードが見つかりません: Unknown
処理エラー,シラバスコードが見つかりません: Unknown
処理エラー,シラバスコードが見つかりません: Unknown
処理エラー,シラバスコードが見つかりません: Unknown
処理エラー,シラバスコードが見つかりません: Unknown
処理エラー,シラバスコードが見つかりません: Unknown
処理エラー,シラバスコードが見つかりません: Unknown
処理エラー,シラバスコードが見つかりません: Unknown
処理エラー,シラバスコードが見つかりません: Unknown
処理エラー,シラバスコードが見つかりません: Unknown
処理エラー,シラバスコードが見つかりません: Unknown
処理エラー,シラバスコードが見つかりません: Unknown
処理エラー,シラバスコードが見つかりません: Unknown
処理エラー,シラバスコードが見つかりません: Unknown
処理エラー,シラバスコードが見つかりません: Unknown
処理エラー,シラバスコードが見つかりません: Unknown
処理エラー,シラバスコードが見つかりません: Unknown
処理エラー,シラバスコードが見つかりません: Unknown
処理エラー,シラバスコードが見つかりません: Unknown
処理エラー,シラバスコードが見つかりません: Unknown
処理エラー,シラバスコードが見つかりません: Unknown
処理エラー,シラバスコードが見つかりません: Unknown
処理エラー,シラバスコードが見つかりません: Unknown
処理エラー,シラバスコードが見つかりません: Unknown
処理エラー,シラバスコードが見つかりません: Unknown
処理エラー,シラバスコードが見つかりません: Unknown
処理エラー,シラバスコードが見つかりません: Unknown
処理エラー,シラバスコードが見つかりません: Unknown
処理エラー,シラバスコードが見つかりません: Unknown
処理エラー,シラバスコードが見つかりません: Unknown
処理エラー,シラバスコードが見つかりません: Unknown
処理エラー,シラバスコードが見つかりません: Unknown
処理エラー,シラバスコードが見つかりません: Unknown
処理エラー,シラバスコードが見つかりません: Unknown
処理エラー,シラバスコードが見つかりません: Unknown
処理エラー,シラバスコードが見つかりません: Unknown
処理エラー,シラバスコードが見つかりません: Unknown
処理エラー,シラバスコードが見つかりません: Unknown
処理エラー,シラバスコードが見つかりません: Unknown
処理エラー,シラバスコードが見つかりません: Unknown
処理エラー,シラバスコードが見つかりません: Unknown
処理エラー,シラバスコードが見つかりません: Unknown
処理エラー,シラバスコードが見つかりません: Unknown
処理エラー,シラバスコードが見つかりません: Unknown
処理エラー,シラバスコードが見つかりません: Unknown
処理エラー,シラバスコードが見つかりません: Unknown
処理エラー,シラバスコードが見つかりません: Unknown
処理エラー,シラバスコードが見つかりません: Unknown
処理エラー,シラバスコードが見つかりません: Unknown
処理エラー,シラバスコードが見つかりません: Unknown
処理エラー,シラバスコードが見つかりません: Unknown
処理エラー,シラバスコードが見つかりません: Unknown
処理エラー,シラバスコードが見つかりません: Unknown
処理エラー,シラバスコードが見つかりません: Unknown
処理エラー,シラバスコードが見つかりません: Unknown
処理エラー,シラバスコードが見つかりません: Unknown
処理エラー,シラバスコードが見つかりません: Unknown
処理エラー,シラバスコードが見つかりません: Unknown
処理エラー,シラバスコードが見つかりません: Unknown
処理エラー,シラバスコードが見つかりません: Unknown
処理エラー,シラバスコードが見つかりません: Unknown
処理エラー,シラバスコードが見つかりません: Unknown
処理エラー,シラバスコードが見つかりません: Unknown
処理エラー,シラバスコードが見つかりません: Unknown
処理エラー,シラバスコードが見つかりません: Unknown
処理エラー,シラバスコードが見つかりません: Unknown
処理エラー,シラバスコードが見つかりません: Unknown
処理エラー,シラバスコードが見つかりません: Unknown
処理エラー,シラバスコードが見つかりません: Unknown
処理エラー,シラバスコードが見つかりません: Unknown
処理エラー,シラバスコードが見つかりません: Unknown
処理エラー,シラバスコードが見つかりません: Unknown
処理エラー,シラバスコードが見つかりません: Unknown
処理エラー,シラバスコードが見つかりません: Unknown
処理エラー,シラバスコードが見つかりません: Unknown
処理エラー,シラバスコードが見つかりません: Unknown
処理エラー,シラバスコードが見つかりません: Unknown
処理エラー,シラバスコードが見つかりません: Unknown
処理エラー,シラバスコードが見つかりません: Unknown
処理エラー,シラバスコードが見つかりません: Unknown
処理エラー,シラバスコードが見つかりません: Unknown
処理エラー,シラバスコードが見つかりません: Unknown
処理エラー,シラバスコードが見つかりません: Unknown
処理エラー,シラバスコードが見つかりません: Unknown
処理エラー,シラバスコードが見つかりません: Unknown
処理エラー,シラバスコードが見つかりません: Unknown
処理エラー,シラバスコードが見つかりません: Unknown
処理エラー,シラバスコードが見つかりません: Unknown
処理エラー,シラバスコードが見つかりません: Unknown
処理エラー,シラバスコードが見つかりません: Unknown
処理エラー,シラバスコードが見つかりません: Unknown
処理エラー,シラバスコードが見つかりません: Unknown
処理エラー,シラバスコードが見つかりません: Unknown
処理エラー,シラバスコードが見つかりません: Unknown
処理エラー,シラバスコードが見つかりません: Unknown
処理エラー,シラバスコードが見つかりません: Unknown
処理エラー,シラバスコードが見つかりません: Unknown
処理エラー,シラバスコードが見つかりません: Unknown
処理エラー,シラバスコードが見つかりません: Unknown
処理エラー,シラバスコードが見つかりません: Unknown
処理エラー,シラバスコードが見つかりません: Unknown
処理エラー,シラバスコードが見つかりません: Unknown
処理エラー,シラバスコードが見つかりません: Unknown
処理エラー,シラバスコードが見つかりません: Unknown
処理エラー,シラバスコードが見つかりません: Unknown
処理エラー,シラバスコードが見つかりません: Unknown
処理エラー,シラバスコードが見つかりません: Unknown
処理エラー,シラバスコードが見つかりません: Unknown
処理エラー,シラバスコードが見つかりません: Unknown
処理エラー,シラバスコードが見つかりません: Unknown
処理エラー,シラバスコードが見つかりません: Unknown
処理エラー,シラバスコードが見つかりません: Unknown
処理エラー,シラバスコードが見つかりません: Unknown
処理エラー,シラバスコードが見つかりません: Unknown
処理エラー,シラバスコードが見つかりません: Unknown
処理エラー,シラバスコードが見つかりません: Unknown
処理エラー,シラバスコードが見つかりません: Unknown
処理エラー,シラバスコードが見つかりません: Unknown
処理エラー,シラバスコードが見つかりません: Unknown
処理エラー,シラバスコードが見つかりません: Unknown
処理エラー,シラバスコードが見つかりません: Unknown
処理エラー,シラバスコードが見つかりません: Unknown
処理エラー,シラバスコードが見つかりません: Unknown
処理エラー,シラバスコードが見つかりません: Unknown
処理エラー,シラバスコードが見つかりません: Unknown
処理エラー,シラバスコードが見つかりません: Unknown
処理エラー,シラバスコードが見つかりません: Unknown
処理エラー,シラバスコードが見つかりません: Unknown
処理エラー,シラバスコードが見つかりません: Unknown
処理エラー,シラバスコードが見つかりません: Unknown
処理エラー,シラバスコードが見つかりません: Unknown
処理エラー,シラバスコードが見つかりません: Unknown
処理エラー,シラバスコードが見つかりません: Unknown
処理エラー,シラバスコードが見つかりません: Unknown
処理エラー,シラバスコードが見つかりません: Unknown
処理エラー,シラバスコードが見つかりません: Unknown
処理エラー,シラバスコードが見つかりません: Unknown
処理エラー,シラバスコードが見つかりません: Unknown
処理エラー,シラバスコードが見つかりません: Unknown
処理エラー,シラバスコードが見つかりません: Unknown
処理エラー,シラバスコードが見つかりません: Unknown
処理エラー,シラバスコードが見つかりません: Unknown
処理エラー,シラバスコードが見つかりません: Unknown
処理エラー,シラバスコードが見つかりません: Unknown
処理エラー,シラバスコードが見つかりません: Unknown
処理エラー,シラバスコードが見つかりません: Unknown
処理エラー,シラバスコードが見つかりません: Unknown
処理エラー,シラバスコードが見つかりません: Unknown
処理エラー,シラバスコードが見つかりません: Unknown
処理エラー,シラバスコードが見つかりません: Unknown
処理エラー,シラバスコードが見つかりません: Unknown
処理エラー,シラバスコードが見つかりません: Unknown
処理エラー,シラバスコードが見つかりません: Unknown
処理エラー,シラバスコードが見つかりません: Unknown
処理エラー,シラバスコードが見つかりません: Unknown
処理エラー,シラバスコードが見つかりません: Unknown
処理エラー,シラバスコードが見つかりません: Unknown
処理エラー,シラバスコードが見つかりません: Unknown
処理エラー,シラバスコードが見つかりません: Unknown
処理エラー,シラバスコードが見つかりません: Unknown
処理エラー,シラバスコードが見つかりません: Unknown
処理エラー,シラバスコードが見つかりません: Unknown
処理エラー,シラバスコードが見つかりません: Unknown
処理エラー,シラバスコードが見つかりません: Unknown
処理エラー,シラバスコードが見つかりません: Unknown
処理エラー,シラバスコードが見つかりません: Unknown
処理エラー,シラバスコードが見つかりません: Unknown
処理エラー,シラバスコードが見つかりません: Unknown
処理エラー,シラバスコードが見つかりません: Unknown
処理エラー,シラバスコードが見つかりません: Unknown
処理エラー,シラバスコードが見つかりません: Unknown
処理エラー,シラバスコードが見つかりません: Unknown
処理エラー,シラバスコードが見つかりません: Unknown
処理エラー,シラバスコードが見つかりません: Unknown
処理エラー,シラバスコードが見つかりません: Unknown
処理エラー,シラバスコードが見つかりません: Unknown
処理エラー,シラバスコードが見つかりません: Unknown
処理エラー,シラバスコードが見つかりません: Unknown
処理エラー,シラバスコードが見つかりません: Unknown
処理エラー,シラバスコードが見つかりません: Unknown
処理エラー,シラバスコードが見つかりません: Unknown
処理エラー,シラバスコードが見つかりません: Unknown
処理エラー,シラバスコードが見つかりません: Unknown
処理エラー,シラバスコードが見つかりません: Unknown
処理エラー,シラバスコードが見つかりません: Unknown
処理エラー,シラバスコードが見つかりません: Unknown
処理エラー,シラバスコードが見つかりません: Unknown
処理エラー,シラバスコードが見つかりません: Unknown
処理エラー,シラバスコードが見つかりません: Unknown
処理エラー,シラバスコードが見つかりません: Unknown
処理エラー,シラバスコードが見つかりません: Unknown
処理エラー,シラバスコードが見つかりません: Unknown
処理エラー,シラバスコードが見つかりません: Unknown
処理エラー,シラバスコードが見つかりません: Unknown
処理エラー,シラバスコードが見つかりません: Unknown
処理エラー,シラバスコードが見つかりません: Unknown
処理エラー,シラバスコードが見つかりません: Unknown
処理エラー,シラバスコードが見つかりません: Unknown
処理エラー,シラバスコードが見つかりません: Unknown
処理エラー,シラバスコードが見つかりません: Unknown
処理エラー,シラバスコードが見つかりません: Unknown
処理エラー,シラバスコードが見つかりません: Unknown
処理エラー,シラバスコードが見つかりません: Unknown
処理エラー,シラバスコードが見つかりません: Unknown
処理エラー,シラバスコードが見つかりません: Unknown
処理エラー,シラバスコードが見つかりません: Unknown
処理エラー,シラバスコードが見つかりません: Unknown
処理エラー,シラバスコードが見つかりません: Unknown
処理エラー,シラバスコードが見つかりません: Unknown
処理エラー,シラバスコードが見つかりません: Unknown
処理エラー,シラバスコードが見つかりません: Unknown
処理エラー,シラバスコードが見つかりません: Unknown
処理エラー,シラバスコードが見つかりません: Unknown
処理エラー,シラバスコードが見つかりません: Unknown
処理エラー,シラバスコードが見つかりません: Unknown
処理エラー,シラバスコードが見つかりません: Unknown
処理エラー,シラバスコードが見つかりません: Unknown
処理エラー,シラバスコードが見つかりません: Unknown
処理エラー,シラバスコードが見つかりません: Unknown
処理エラー,シラバスコードが見つかりません: Unknown
処理エラー,シラバスコードが見つかりません: Unknown
処理エラー,シラバスコードが見つかりません: Unknown
処理エラー,シラバスコードが見つかりません: Unknown
処理エラー,シラバスコードが見つかりません: Unknown
処理エラー,シラバスコードが見つかりません: Unknown
処理エラー,シラバスコードが見つかりません: Unknown
処理エラー,シラバスコードが見つかりません: Unknown
処理エラー,シラバスコードが見つかりません: Unknown
処理エラー,シラバスコードが見つかりません: Unknown
処理エラー,シラバスコードが見つかりません: Unknown
処理エラー,シラバスコードが見つかりません: Unknown
処理エラー,シラバスコードが見つかりません: Unknown
処理エラー,シラバスコードが見つかりません: Unknown
処理エラー,シラバスコードが見つかりません: Unknown
処理エラー,シラバスコードが見つかりません: Unknown
処理エラー,シラバスコードが見つかりません: Unknown
処理エラー,シラバスコードが見つかりません: Unknown
処理エラー,シラバスコードが見つかりません: Unknown
処理エラー,シラバスコードが見つかりません: Unknown
処理エラー,シラバスコードが見つかりません: Unknown
処理エラー,シラバスコードが見つかりません: Unknown
処理エラー,シラバスコードが見つかりません: Unknown
処理エラー,シラバスコードが見つかりません: Unknown
処理エラー,シラバスコードが見つかりません: Unknown
処理エラー,シラバスコードが見つかりません: Unknown
処理エラー,シラバスコードが見つかりません: Unknown
処理エラー,シラバスコードが見つかりません: Unknown
処理エラー,シラバスコードが見つかりません: Unknown
処理エラー,シラバスコードが見つかりません: Unknown
処理エラー,シラバスコードが見つかりません: Unknown
処理エラー,シラバスコードが見つかりません: Unknown
処理エラー,シラバスコードが見つかりません: Unknown
処理エラー,シラバスコードが見つかりません: Unknown
処理エラー,シラバスコードが見つかりません: Unknown
処理エラー,シラバスコードが見つかりません: Unknown
処理エラー,シラバスコードが見つかりません: Unknown
処理エラー,シラバスコードが見つかりません: Unknown
処理エラー,シラバスコードが見つかりません: Unknown
処理エラー,シラバスコードが見つかりません: Unknown
処理エラー,シラバスコードが見つかりません: Unknown
処理エラー,シラバスコードが見つかりません: Unknown
処理エラー,シラバスコードが見つかりません: Unknown
処理エラー,シラバスコードが見つかりません: Unknown
処理エラー,シラバスコードが見つかりません: Unknown
処理エラー,シラバスコードが見つかりません: Unknown
処理エラー,シラバスコードが見つかりません: Unknown
処理エラー,シラバスコードが見つかりません: Unknown
処理エラー,シラバスコードが見つかりません: Unknown
処理エラー,シラバスコードが見つかりません: Unknown
処理エラー,シラバスコードが見つかりません: Unknown
処理エラー,シラバスコードが見つかりません: Unknown
処理エラー,シラバスコードが見つかりません: Unknown
処理エラー,シラバスコードが見つかりません: Unknown
処理エラー,シラバスコードが見つかりません: Unknown
処理エラー,シラバスコードが見つかりません: Unknown
処理エラー,シラバスコードが見つかりません: Unknown
処理エラー,シラバスコードが見つかりません: Unknown
処理エラー,シラバスコードが見つかりません: Unknown
処理エラー,シラバスコードが見つかりません: Unknown
処理エラー,シラバスコードが見つかりません: Unknown
処理エラー,シラバスコードが見つかりません: Unknown
処理エラー,シラバスコードが見つかりません: Unknown
処理エラー,シラバスコードが見つかりません: Unknown
処理エラー,シラバスコードが見つかりません: Unknown
処理エラー,シラバスコードが見つかりません: Unknown
処理エラー,シラバスコードが見つかりません: Unknown
処理エラー,シラバスコードが見つかりません: Unknown
処理エラー,シラバスコードが見つかりません: Unknown
処理エラー,シラバスコードが見つかりません: Unknown
処理エラー,シラバスコードが見つかりません: Unknown
処理エラー,シラバスコードが見つかりません: Unknown
処理エラー,シラバスコードが見つかりません: Unknown
処理エラー,シラバスコードが見つかりません: Unknown
処理エラー,シラバスコードが見つかりません: Unknown
処理エラー,シラバスコードが見つかりません: Unknown
処理エラー,シラバスコードが見つかりません: Unknown
処理エラー,シラバスコードが見つかりません: Unknown
処理エラー,シラバスコードが見つかりません: Unknown
処理エラー,シラバスコードが見つかりません: Unknown
処理エラー,シラバスコードが見つかりません: Unknown
処理エラー,シラバスコードが見つかりません: Unknown
処理エラー,シラバスコードが見つかりません: Unknown
処理エラー,シラバスコードが見つかりません: Unknown
処理エラー,シラバスコードが見つかりません: Unknown
処理エラー,シラバスコードが見つかりません: Unknown
処理エラー,シラバスコードが見つかりません: Unknown
処理エラー,シラバスコードが見つかりません: Unknown
処理エラー,シラバスコードが見つかりません: Unknown
処理エラー,シラバスコードが見つかりません: Unknown
処理エラー,シラバスコードが見つかりません: Unknown
処理エラー,シラバスコードが見つかりません: Unknown
処理エラー,シラバスコードが見つかりません: Unknown
処理エラー,シラバスコードが見つかりません: Unknown
処理エラー,シラバスコードが見つかりません: Unknown
処理エラー,シラバスコードが見つかりません: Unknown
処理エラー,シラバスコードが見つかりません: Unknown
処理エラー,シラバスコードが見つかりません: Unknown
処理エラー,シラバスコードが見つかりません: Unknown
処理エラー,シラバスコードが見つかりません: Unknown
処理エラー,シラバスコードが見つかりません: Unknown
処理エラー,シラバスコードが見つかりません: Unknown
処理エラー,シラバスコードが見つかりません: Unknown
処理エラー,シラバスコードが見つかりません: Unknown
処理エラー,シラバスコードが見つかりません: Unknown
処理エラー,シラバスコードが見つかりません: Unknown
処理エラー,シラバスコードが見つかりません: Unknown
処理エラー,シラバスコードが見つかりません: Unknown
処理エラー,シラバスコードが見つかりません: Unknown
処理エラー,シラバスコードが見つかりません: Unknown
処理エラー,シラバスコードが見つかりません: Unknown
処理エラー,シラバスコードが見つかりません: Unknown
処理エラー,シラバスコードが見つかりません: Unknown
処理エラー,シラバスコードが見つかりません: Unknown
処理エラー,シラバスコードが見つかりません: Unknown
処理エラー,シラバスコードが見つかりません: Unknown
処理エラー,シラバスコードが見つかりません: Unknown
処理エラー,シラバスコードが見つかりません: Unknown
処理エラー,シラバスコードが見つかりません: Unknown
処理エラー,シラバスコードが見つかりません: Unknown
処理エラー,シラバスコードが見つかりません: Unknown
処理エラー,シラバスコードが見つかりません: Unknown
処理エラー,シラバスコードが見つかりません: Unknown
処理エラー,シラバスコードが見つかりません: Unknown
処理エラー,シラバスコードが見つかりません: Unknown
処理エラー,シラバスコードが見つかりません: Unknown
処理エラー,シラバスコードが見つかりません: Unknown
処理エラー,シラバスコードが見つかりません: Unknown
処理エラー,シラバスコードが見つかりません: Unknown
処理エラー,シラバスコードが見つかりません: Unknown
処理エラー,シラバスコードが見つかりません: Unknown
処理エラー,シラバスコードが見つかりません: Unknown
処理エラー,シラバスコードが見つかりません: Unknown
処理エラー,シラバスコードが見つかりません: Unknown
処理エラー,シラバスコードが見つかりません: Unknown
処理エラー,シラバスコードが見つかりません: Unknown
処理エラー,シラバスコードが見つかりません: Unknown
処理エラー,シラバスコードが見つかりません: Unknown
処理エラー,シラバスコードが見つかりません: Unknown
処理エラー,シラバスコードが見つかりません: Unknown
処理エラー,シラバスコードが見つかりません: Unknown
処理エラー,シラバスコードが見つかりません: Unknown
処理エラー,シラバスコードが見つかりません: Unknown
処理エラー,シラバスコードが見つかりません: Unknown
処理エラー,シラバスコードが見つかりません: Unknown
処理エラー,シラバスコードが見つかりません: Unknown
処理エラー,シラバスコードが見つかりません: Unknown
処理エラー,シラバスコードが見つかりません: Unknown
処理エラー,シラバスコードが見つかりません: Unknown
処理エラー,シラバスコードが見つかりません: Unknown
処理エラー,シラバスコードが見つかりません: Unknown
処理エラー,シラバスコードが見つかりません: Unknown
処理エラー,シラバスコードが見つかりません: Unknown
処理エラー,シラバスコードが見つかりません: Unknown
処理エラー,シラバスコードが見つかりません: Unknown
処理エラー,シラバスコードが見つかりません: Unknown
処理エラー,シラバスコードが見つかりません: Unknown
処理エラー,シラバスコードが見つかりません: Unknown
処理エラー,シラバスコードが見つかりません: Unknown
処理エラー,シラバスコードが見つかりません: Unknown
処理エラー,シラバスコードが見つかりません: Unknown
処理エラー,シラバスコードが見つかりません: Unknown
処理エラー,シラバスコードが見つかりません: Unknown
処理エラー,シラバスコードが見つかりません: Unknown
処理エラー,シラバスコードが見つかりません: Unknown
処理エラー,シラバスコードが見つかりません: Unknown
処理エラー,シラバスコードが見つかりません: Unknown
処理エラー,シラバスコードが見つかりません: Unknown
処理エラー,シラバスコードが見つかりません: Unknown
処理エラー,シラバスコードが見つかりません: Unknown
処理エラー,シラバスコードが見つかりません: Unknown
処理エラー,シラバスコードが見つかりません: Unknown
処理エラー,シラバスコードが見つかりません: Unknown
処理エラー,シラバスコードが見つかりません: Unknown
処理エラー,シラバスコードが見つかりません: Unknown
処理エラー,シラバスコードが見つかりません: Unknown
処理エラー,シラバスコードが見つかりません: Unknown
処理エラー,シラバスコードが見つかりません: Unknown
処理エラー,シラバスコードが見つかりません: Unknown
処理エラー,シラバスコードが見つかりません: Unknown
処理エラー,シラバスコードが見つかりません: Unknown
処理エラー,シラバスコードが見つかりません: Unknown
処理エラー,シラバスコードが見つかりません: Unknown
処理エラー,シラバスコードが見つかりません: Unknown
処理エラー,シラバスコードが見つかりません: Unknown
処理エラー,シラバスコードが見つかりません: Unknown
処理エラー,シラバスコードが見つかりません: Unknown
処理エラー,シラバスコードが見つかりません: Unknown
処理エラー,シラバスコードが見つかりません: Unknown
処理エラー,シラバスコードが見つかりません: Unknown
処理エラー,シラバスコードが見つかりません: Unknown
処理エラー,シラバスコードが見つかりません: Unknown
処理エラー,シラバスコードが見つかりません: Unknown
処理エラー,シラバスコードが見つかりません: Unknown
処理エラー,シラバスコードが見つかりません: Unknown
処理エラー,シラバスコードが見つかりません: Unknown
処理エラー,シラバスコードが見つかりません: Unknown
処理エラー,シラバスコードが見つかりません: Unknown
処理エラー,シラバスコードが見つかりません: Unknown
処理エラー,シラバスコードが見つかりません: Unknown
処理エラー,シラバスコードが見つかりません: Unknown
処理エラー,シラバスコードが見つかりません: Unknown
処理エラー,シラバスコードが見つかりません: Unknown
処理エラー,シラバスコードが見つかりません: Unknown
処理エラー,シラバスコードが見つかりません: Unknown
処理エラー,シラバスコードが見つかりません: Unknown
処理エラー,シラバスコードが見つかりません: Unknown
処理エラー,シラバスコードが見つかりません: Unknown
処理エラー,シラバスコードが見つかりません: Unknown
処理エラー,シラバスコードが見つかりません: Unknown
処理エラー,シラバスコードが見つかりません: Unknown
処理エラー,シラバスコードが見つかりません: Unknown
処理エラー,シラバスコードが見つかりません: Unknown
処理エラー,シラバスコードが見つかりません: Unknown
処理エラー,シラバスコードが見つかりません: Unknown
処理エラー,シラバスコードが見つかりません: Unknown
処理エラー,シラバスコードが見つかりません: Unknown
処理エラー,シラバスコードが見つかりません: Unknown
処理エラー,シラバスコードが見つかりません: Unknown
処理エラー,シラバスコードが見つかりません: Unknown
処理エラー,シラバスコードが見つかりません: Unknown
処理エラー,シラバスコードが見つかりません: Unknown
処理エラー,シラバスコードが見つかりません: Unknown
処理エラー,シラバスコードが見つかりません: Unknown
処理エラー,シラバスコードが見つかりません: Unknown
処理エラー,シラバスコードが見つかりません: Unknown
処理エラー,シラバスコードが見つかりません: Unknown
処理エラー,シラバスコードが見つかりません: Unknown
処理エラー,シラバスコードが見つかりません: Unknown
処理エラー,シラバスコードが見つかりません: Unknown
処理エラー,シラバスコードが見つかりません: Unknown
処理エラー,シラバスコードが見つかりません: Unknown
処理エラー,シラバスコードが見つかりません: Unknown
処理エラー,シラバスコードが見つかりません: Unknown
処理エラー,シラバスコードが見つかりません: Unknown
処理エラー,シラバスコードが見つかりません: Unknown
処理エラー,シラバスコードが見つかりません: Unknown
処理エラー,シラバスコードが見つかりません: Unknown
処理エラー,シラバスコードが見つかりません: Unknown
処理エラー,シラバスコードが見つかりません: Unknown
処理エラー,シラバスコードが見つかりません: Unknown
処理エラー,シラバスコードが見つかりません: Unknown
処理エラー,シラバスコードが見つかりません: Unknown
処理エラー,シラバスコードが見つかりません: Unknown
処理エラー,シラバスコードが見つかりません: Unknown
処理エラー,シラバスコードが見つかりません: Unknown
処理エラー,シラバスコードが見つかりません: Unknown
処理エラー,シラバスコードが見つかりません: Unknown
処理エラー,シラバスコードが見つかりません: Unknown
処理エラー,シラバスコードが見つかりません: Unknown
処理エラー,シラバスコードが見つかりません: Unknown
処理エラー,シラバスコードが見つかりません: Unknown
処理エラー,シラバスコードが見つかりません: Unknown
処理エラー,シラバスコードが見つかりません: Unknown
処理エラー,シラバスコードが見つかりません: Unknown
処理エラー,シラバスコードが見つかりません: Unknown
処理エラー,シラバスコードが見つかりません: Unknown
処理エラー,シラバスコードが見つかりません: Unknown
処理エラー,シラバスコードが見つかりません: Unknown
処理エラー,シラバスコードが見つかりません: Unknown
処理エラー,シラバスコードが見つかりません: Unknown
処理エラー,シラバスコードが見つかりません: Unknown
処理エラー,シラバスコードが見つかりません: Unknown
処理エラー,シラバスコードが見つかりません: Unknown
処理エラー,シラバスコードが見つかりません: Unknown
処理エラー,シラバスコードが見つかりません: Unknown
処理エラー,シラバスコードが見つかりません: Unknown
処理エラー,シラバスコードが見つかりません: Unknown
処理エラー,シラバスコードが見つかりません: Unknown
処理エラー,シラバスコードが見つかりません: Unknown
処理エラー,シラバスコードが見つかりません: Unknown
処理エラー,シラバスコードが見つかりません: Unknown
処理エラー,シラバスコードが見つかりません: Unknown
処理エラー,シラバスコードが見つかりません: Unknown
処理エラー,シラバスコードが見つかりません: Unknown
処理エラー,シラバスコードが見つかりません: Unknown
処理エラー,シラバスコードが見つかりません: Unknown
処理エラー,シラバスコードが見つかりません: Unknown
処理エラー,シラバスコードが見つかりません: Unknown
処理エラー,シラバスコードが見つかりません: Unknown
処理エラー,シラバスコードが見つかりません: Unknown
処理エラー,シラバスコードが見つかりません: Unknown
処理エラー,シラバスコードが見つかりません: Unknown
処理エラー,シラバスコードが見つかりません: Unknown
処理エラー,シラバスコードが見つかりません: Unknown
処理エラー,シラバスコードが見つかりません: Unknown
処理エラー,シラバスコードが見つかりません: Unknown
処理エラー,シラバスコードが見つかりません: Unknown
処理エラー,シラバスコードが見つかりません: Unknown
処理エラー,シラバスコードが見つかりません: Unknown
処理エラー,シラバスコードが見つかりません: Unknown
処理エラー,シラバスコードが見つかりません: Unknown
処理エラー,シラバスコードが見つかりません: Unknown
処理エラー,シラバスコードが見つかりません: Unknown
処理エラー,シラバスコードが見つかりません: Unknown
処理エラー,シラバスコードが見つかりません: Unknown
処理エラー,シラバスコードが見つかりません: Unknown
処理エラー,シラバスコードが見つかりません: Unknown
処理エラー,シラバスコードが見つかりません: Unknown
処理エラー,シラバスコードが見つかりません: Unknown
処理エラー,シラバスコードが見つかりません: Unknown
処理エラー,シラバスコードが見つかりません: Unknown
処理エラー,シラバスコードが見つかりません: Unknown
処理エラー,シラバスコードが見つかりません: Unknown
処理エラー,シラバスコードが見つかりません: Unknown
処理エラー,シラバスコードが見つかりません: Unknown
処理エラー,シラバスコードが見つかりません: Unknown
処理エラー,シラバスコードが見つかりません: Unknown
処理エラー,シラバスコードが見つかりません: Unknown
処理エラー,シラバスコードが見つかりません: Unknown
処理エラー,シラバスコードが見つかりません: Unknown
処理エラー,シラバスコードが見つかりません: Unknown
処理エラー,シラバスコードが見つかりません: Unknown
処理エラー,シラバスコードが見つかりません: Unknown
処理エラー,シラバスコードが見つかりません: Unknown
処理エラー,シラバスコードが見つかりません: Unknown
処理エラー,シラバスコードが見つかりません: Unknown
処理エラー,シラバスコードが見つかりません: Unknown
処理エラー,シラバスコードが見つかりません: Unknown
処理エラー,シラバスコードが見つかりません: Unknown
処理エラー,シラバスコードが見つかりません: Unknown
処理エラー,シラバスコードが見つかりません: Unknown
処理エラー,シラバスコードが見つかりません: Unknown
処理エラー,シラバスコードが見つかりません: Unknown
処理エラー,シラバスコードが見つかりません: Unknown
処理エラー,シラバスコードが見つかりません: Unknown
処理エラー,シラバスコードが見つかりません: Unknown
処理エラー,シラバスコードが見つかりません: Unknown
処理エラー,シラバスコードが見つかりません: Unknown
処理エラー,シラバスコードが見つかりません: Unknown
処理エラー,シラバスコードが見つかりません: Unknown
処理エラー,シラバスコードが見つかりません: Unknown
処理エラー,シラバスコードが見つかりません: Unknown
処理エラー,シラバスコードが見つかりません: Unknown
処理エラー,シラバスコードが見つかりません: Unknown
処理エラー,シラバスコードが見つかりません: Unknown
処理エラー,シラバスコードが見つかりません: Unknown
処理エラー,シラバスコードが見つかりません: Unknown
処理エラー,シラバスコードが見つかりません: Unknown
処理エラー,シラバスコードが見つかりません: Unknown
処理エラー,シラバスコードが見つかりません: Unknown
処理エラー,シラバスコードが見つかりません: Unknown
処理エラー,シラバスコードが見つかりません: Unknown
処理エラー,シラバスコードが見つかりません: Unknown
処理エラー,シラバスコードが見つかりません: Unknown
処理エラー,シラバスコードが見つかりません: Unknown
処理エラー,シラバスコードが見つかりません: Unknown
処理エラー,シラバスコードが見つかりません: Unknown
処理エラー,シラバスコードが見つかりません: Unknown
処理エラー,シラバスコードが見つかりません: Unknown
処理エラー,シラバスコードが見つかりません: Unknown
処理エラー,シラバスコードが見つかりません: Unknown
処理エラー,シラバスコードが見つかりません: Unknown
処理エラー,シラバスコードが見つかりません: Unknown
処理エラー,シラバスコードが見つかりません: Unknown
処理エラー,シラバスコードが見つかりません: Unknown
処理エラー,シラバスコードが見つかりません: Unknown
処理エラー,シラバスコードが見つかりません: Unknown
処理エラー,シラバスコードが見つかりません: Unknown
処理エラー,シラバスコードが見つかりません: Unknown
処理エラー,シラバスコードが見つかりません: Unknown
処理エラー,シラバスコードが見つかりません: Unknown
処理エラー,シラバスコードが見つかりません: Unknown
処理エラー,シラバスコードが見つかりません: Unknown
処理エラー,シラバスコードが見つかりません: Unknown
処理エラー,シラバスコードが見つかりません: Unknown
処理エラー,シラバスコードが見つかりません: Unknown
処理エラー,シラバスコードが見つかりません: Unknown
処理エラー,シラバスコードが見つかりません: Unknown
処理エラー,シラバスコードが見つかりません: Unknown
処理エラー,シラバスコードが見つかりません: Unknown
処理エラー,シラバスコードが見つかりません: Unknown
処理エラー,シラバスコードが見つかりません: Unknown
処理エラー,シラバスコードが見つかりません: Unknown
処理エラー,シラバスコードが見つかりません: Unknown
処理エラー,シラバスコードが見つかりません: Unknown
処理エラー,シラバスコードが見つかりません: Unknown
処理エラー,シラバスコードが見つかりません: Unknown
処理エラー,シラバスコードが見つかりません: Unknown
処理エラー,シラバスコードが見つかりません: Unknown
処理エラー,シラバスコードが見つかりません: Unknown
処理エラー,シラバスコードが見つかりません: Unknown
処理エラー,シラバスコードが見つかりません: Unknown
処理エラー,シラバスコードが見つかりません: Unknown
処理エラー,シラバスコードが見つかりません: Unknown
処理エラー,シラバスコードが見つかりません: Unknown
処理エラー,シラバスコードが見つかりません: Unknown
処理エラー,シラバスコードが見つかりません: Unknown
処理エラー,シラバスコードが見つかりません: Unknown
処理エラー,シラバスコードが見つかりません: Unknown
処理エラー,シラバスコードが見つかりません: Unknown
処理エラー,シラバスコードが見つかりません: Unknown
処理エラー,シラバスコードが見つかりません: Unknown
処理エラー,シラバスコードが見つかりません: Unknown
処理エラー,シラバスコードが見つかりません: Unknown
処理エラー,シラバスコードが見つかりません: Unknown
処理エラー,シラバスコードが見つかりません: Unknown
処理エラー,シラバスコードが見つかりません: Unknown
処理エラー,シラバスコードが見つかりません: Unknown
処理エラー,シラバスコードが見つかりません: Unknown
処理エラー,シラバスコードが見つかりません: Unknown
処理エラー,シラバスコードが見つかりません: Unknown
処理エラー,シラバスコードが見つかりません: Unknown
処理エラー,シラバスコードが見つかりません: Unknown
処理エラー,シラバスコードが見つかりません: Unknown
処理エラー,シラバスコードが見つかりません: Unknown
処理エラー,シラバスコードが見つかりません: Unknown
処理エラー,シラバスコードが見つかりません: Unknown
処理エラー,シラバスコードが見つかりません: Unknown
処理エラー,シラバスコードが見つかりません: Unknown
処理エラー,シラバスコードが見つかりません: Unknown
処理エラー,シラバスコードが見つかりません: Unknown
処理エラー,シラバスコードが見つかりません: Unknown
処理エラー,シラバスコードが見つかりません: Unknown
処理エラー,シラバスコードが見つかりません: Unknown
処理エラー,シラバスコードが見つかりません: Unknown
処理エラー,シラバスコードが見つかりません: Unknown
処理エラー,シラバスコードが見つかりません: Unknown
処理エラー,シラバスコードが見つかりません: Unknown
処理エラー,シラバスコードが見つかりません: Unknown
処理エラー,シラバスコードが見つかりません: Unknown
処理エラー,シラバスコードが見つかりません: Unknown
処理エラー,シラバスコードが見つかりません: Unknown
処理エラー,シラバスコードが見つかりません: Unknown
処理エラー,シラバスコードが見つかりません: Unknown
処理エラー,シラバスコードが見つかりません: Unknown
処理エラー,シラバスコードが見つかりません: Unknown
処理エラー,シラバスコードが見つかりません: Unknown
処理エラー,シラバスコードが見つかりません: Unknown
処理エラー,シラバスコードが見つかりません: Unknown
処理エラー,シラバスコードが見つかりません: Unknown
処理エラー,シラバスコードが見つかりません: Unknown
処理エラー,シラバスコードが見つかりません: Unknown
処理エラー,シラバスコードが見つかりません: Unknown
処理エラー,シラバスコードが見つかりません: Unknown
処理エラー,シラバスコードが見つかりません: Unknown
処理エラー,シラバスコードが見つかりません: Unknown
処理エラー,シラバスコードが見つかりません: Unknown
処理エラー,シラバスコードが見つかりません: Unknown
処理エラー,シラバスコードが見つかりません: Unknown
処理エラー,シラバスコードが見つかりません: Unknown
処理エラー,シラバスコードが見つかりません: Unknown
処理エラー,シラバスコードが見つかりません: Unknown
処理エラー,シラバスコードが見つかりません: Unknown
処理エラー,シラバスコードが見つかりません: Unknown
処理エラー,シラバスコードが見つかりません: Unknown
処理エラー,シラバスコードが見つかりません: Unknown
処理エラー,シラバスコードが見つかりません: Unknown
処理エラー,シラバスコードが見つかりません: Unknown
処理エラー,シラバスコードが見つかりません: Unknown
処理エラー,シラバスコードが見つかりません: Unknown
処理エラー,シラバスコードが見つかりません: Unknown
処理エラー,シラバスコードが見つかりません: Unknown
処理エラー,シラバスコードが見つかりません: Unknown
処理エラー,シラバスコードが見つかりません: Unknown
処理エラー,シラバスコードが見つかりません: Unknown
処理エラー,シラバスコードが見つかりません: Unknown
処理エラー,シラバスコードが見つかりません: Unknown
処理エラー,シラバスコードが見つかりません: Unknown
処理エラー,シラバスコードが見つかりません: Unknown
処理エラー,シラバスコードが見つかりません: Unknown
処理エラー,シラバスコードが見つかりません: Unknown
処理エラー,シラバスコードが見つかりません: Unknown
処理エラー,シラバスコードが見つかりません: Unknown
処理エラー,シラバスコードが見つかりません: Unknown
処理エラー,シラバスコードが見つかりません: Unknown
処理エラー,シラバスコードが見つかりません: Unknown
処理エラー,シラバスコードが見つかりません: Unknown
処理エラー,シラバスコードが見つかりません: Unknown
処理エラー,シラバスコードが見つかりません: Unknown
処理エラー,シラバスコードが見つかりません: Unknown
処理エラー,シラバスコードが見つかりません: Unknown
処理エラー,シラバスコードが見つかりません: Unknown
処理エラー,シラバスコードが見つかりません: Unknown
処理エラー,シラバスコードが見つかりません: Unknown
処理エラー,シラバスコードが見つかりません: Unknown
処理エラー,シラバスコードが見つかりません: Unknown
処理エラー,シラバスコードが見つかりません: Unknown
処理エラー,シラバスコードが見つかりません: Unknown
処理エラー,シラバスコードが見つかりません: Unknown
処理エラー,シラバスコードが見つかりません: Unknown
処理エラー,シラバスコードが見つかりません: Unknown
処理エラー,シラバスコードが見つかりません: Unknown
処理エラー,シラバスコードが見つかりません: Unknown
処理エラー,シラバスコードが見つかりません: Unknown
処理エラー,シラバスコードが見つかりません: Unknown
処理エラー,シラバスコードが見つかりません: Unknown
処理エラー,シラバスコードが見つかりません: Unknown
処理エラー,シラバスコードが見つかりません: Unknown
処理エラー,シラバスコードが見つかりません: Unknown
処理エラー,シラバスコードが見つかりません: Unknown
処理エラー,シラバスコードが見つかりません: Unknown
処理エラー,シラバスコードが見つかりません: Unknown
処理エラー,シラバスコードが見つかりません: Unknown
処理エラー,シラバスコードが見つかりません: Unknown
処理エラー,シラバスコードが見つかりません: Unknown
処理エラー,シラバスコードが見つかりません: Unknown
処理エラー,シラバスコードが見つかりません: Unknown
処理エラー,シラバスコードが見つかりません: Unknown
処理エラー,シラバスコードが見つかりません: Unknown
処理エラー,シラバスコードが見つかりません: Unknown
処理エラー,シラバスコードが見つかりません: Unknown
処理エラー,シラバスコードが見つかりません: Unknown
処理エラー,シラバスコードが見つかりません: Unknown
処理エラー,シラバスコードが見つかりません: Unknown
処理エラー,シラバスコードが見つかりません: Unknown
処理エラー,シラバスコードが見つかりません: Unknown
処理エラー,シラバスコードが見つかりません: Unknown
処理エラー,シラバスコードが見つかりません: Unknown
処理エラー,シラバスコードが見つかりません: Unknown
処理エラー,シラバスコードが見つかりません: Unknown
処理エラー,シラバスコードが見つかりません: Unknown
処理エラー,シラバスコードが見つかりません: Unknown
処理エラー,シラバスコードが見つかりません: Unknown
処理エラー,シラバスコードが見つかりません: Unknown
処理エラー,シラバスコードが見つかりません: Unknown
処理エラー,シラバスコードが見つかりません: Unknown
処理エラー,シラバスコードが見つかりません: Unknown
処理エラー,シラバスコードが見つかりません: Unknown
処理エラー,シラバスコードが見つかりません: Unknown
処理エラー,シラバスコードが見つかりません: Unknown
処理エラー,シラバスコードが見つかりません: Unknown
処理エラー,シラバスコードが見つかりません: Unknown
処理エラー,シラバスコードが見つかりません: Unknown
処理エラー,シラバスコードが見つかりません: Unknown
処理エラー,シラバスコードが見つかりません: Unknown
処理エラー,シラバスコードが見つかりません: Unknown
処理エラー,シラバスコードが見つかりません: Unknown
処理エラー,シラバスコードが見つかりません: Unknown
処理エラー,シラバスコードが見つかりません: Unknown
処理エラー,シラバスコードが見つかりません: Unknown
処理エラー,シラバスコードが見つかりません: Unknown
処理エラー,シラバスコードが見つかりません: Unknown
処理エラー,シラバスコードが見つかりません: Unknown
処理エラー,シラバスコードが見つかりません: Unknown
処理エラー,シラバスコードが見つかりません: Unknown
処理エラー,シラバスコードが見つかりません: Unknown
処理エラー,シラバスコードが見つかりません: Unknown
処理エラー,シラバスコードが見つかりません: Unknown
処理エラー,シラバスコードが見つかりません: Unknown
処理エラー,シラバスコードが見つかりません: Unknown
処理エラー,シラバスコードが見つかりません: Unknown
処理エラー,シラバスコードが見つかりません: Unknown
処理エラー,シラバスコードが見つかりません: Unknown
処理エラー,シラバスコードが見つかりません: Unknown
処理エラー,シラバスコードが見つかりません: Unknown
処理エラー,シラバスコードが見つかりません: Unknown
処理エラー,シラバスコードが見つかりません: Unknown
処理エラー,シラバスコードが見つかりません: Unknown
処理エラー,シラバスコードが見つかりません: Unknown
処理エラー,シラバスコードが見つかりません: Unknown
処理エラー,シラバスコードが見つかりません: Unknown
処理エラー,シラバスコードが見つかりません: Unknown
処理エラー,シラバスコードが見つかりません: Unknown
処理エラー,シラバスコードが見つかりません: Unknown
処理エラー,シラバスコードが見つかりません: Unknown
処理エラー,シラバスコードが見つかりません: Unknown
処理エラー,シラバスコードが見つかりません: Unknown
処理エラー,シラバスコードが見つかりません: Unknown
処理エラー,シラバスコードが見つかりません: Unknown
処理エラー,シラバスコードが見つかりません: Unknown
処理エラー,シラバスコードが見つかりません: Unknown
処理エラー,シラバスコードが見つかりません: Unknown
処理エラー,シラバスコードが見つかりません: Unknown
処理エラー,シラバスコードが見つかりません: Unknown
処理エラー,シラバスコードが見つかりません: Unknown
処理エラー,シラバスコードが見つかりません: Unknown
処理エラー,シラバスコードが見つかりません: Unknown
処理エラー,シラバスコードが見つかりません: Unknown
処理エラー,シラバスコードが見つかりません: Unknown
処理エラー,シラバスコードが見つかりません: Unknown
処理エラー,シラバスコードが見つかりません: Unknown
処理エラー,シラバスコードが見つかりません: Unknown
処理エラー,シラバスコードが見つかりません: Unknown
処理エラー,シラバスコードが見つかりません: Unknown
処理エラー,シラバスコードが見つかりません: Unknown
処理エラー,シラバスコードが見つかりません: Unknown
処理エラー,シラバスコードが見つかりません: Unknown
処理エラー,シラバスコードが見つかりません: Unknown
処理エラー,シラバスコードが見つかりません: Unknown
処理エラー,シラバスコードが見つかりません: Unknown
処理エラー,シラバスコードが見つかりません: Unknown
処理エラー,シラバスコードが見つかりません: Unknown
処理エラー,シラバスコードが見つかりません: Unknown
処理エラー,シラバスコードが見つかりません: Unknown
処理エラー,シラバスコードが見つかりません: Unknown
処理エラー,シラバスコードが見つかりません: Unknown
処理エラー,シラバスコードが見つかりません: Unknown
処理エラー,シラバスコードが見つかりません: Unknown
処理エラー,シラバスコードが見つかりません: Unknown
処理エラー,シラバスコードが見つかりません: Unknown
処理エラー,シラバスコードが見つかりません: Unknown
処理エラー,シラバスコードが見つかりません: Unknown
処理エラー,シラバスコードが見つかりません: Unknown
処理エラー,シラバスコードが見つかりません: Unknown
処理エラー,シラバスコードが見つかりません: Unknown
処理エラー,シラバスコードが見つかりません: Unknown
処理エラー,シラバスコードが見つかりません: Unknown
処理エラー,シラバスコードが見つかりません: Unknown
処理エラー,シラバスコードが見つかりません: Unknown
処理エラー,シラバスコードが見つかりません: Unknown
処理エラー,シラバスコードが見つかりません: Unknown
処理エラー,シラバスコードが見つかりません: Unknown
処理エラー,シラバスコードが見つかりません: Unknown
処理エラー,シラバスコードが見つかりません: Unknown
処理エラー,シラバスコードが見つかりません: Unknown
処理エラー,シラバスコードが見つかりません: Unknown
処理エラー,シラバスコードが見つかりません: Unknown
処理エラー,シラバスコードが見つかりません: Unknown
処理エラー,シラバスコードが見つかりません: Unknown
処理エラー,シラバスコードが見つかりません: Unknown
処理エラー,シラバスコードが見つかりません: Unknown
処理エラー,シラバスコードが見つかりません: Unknown
処理エラー,シラバスコードが見つかりません: Unknown
処理エラー,シラバスコードが見つかりません: Unknown
処理エラー,シラバスコードが見つかりません: Unknown
処理エラー,シラバスコードが見つかりません: Unknown
処理エラー,シラバスコードが見つかりません: Unknown
処理エラー,シラバスコードが見つかりません: Unknown
処理エラー,シラバスコードが見つかりません: Unknown
処理エラー,シラバスコードが見つかりません: Unknown
処理エラー,シラバスコードが見つかりません: Unknown
処理エラー,シラバスコードが見つかりません: Unknown
処理エラー,シラバスコードが見つかりません: Unknown
処理エラー,シラバスコードが見つかりません: Unknown
処理エラー,シラバスコードが見つかりません: Unknown
処理エラー,シラバスコードが見つかりません: Unknown
処理エラー,シラバスコードが見つかりません: Unknown
処理エラー,シラバスコードが見つかりません: Unknown
処理エラー,シラバスコードが見つかりません: Unknown
処理エラー,シラバスコードが見つかりません: Unknown
処理エラー,シラバスコードが見つかりません: Unknown
処理エラー,シラバスコードが見つかりません: Unknown
処理エラー,シラバスコードが見つかりません: Unknown
処理エラー,シラバスコードが見つかりません: Unknown
処理エラー,シラバスコードが見つかりません: Unknown
処理エラー,シラバスコードが見つかりません: Unknown
処理エラー,シラバスコードが見つかりません: Unknown
処理エラー,シラバスコードが見つかりません: Unknown
処理エラー,シラバスコードが見つかりません: Unknown
処理エラー,シラバスコードが見つかりません: Unknown
処理エラー,シラバスコードが見つかりません: Unknown
処理エラー,シラバスコードが見つかりません: Unknown
処理エラー,シラバスコードが見つかりません: Unknown
処理エラー,シラバスコードが見つかりません: Unknown
処理エラー,シラバスコードが見つかりません: Unknown
処理エラー,シラバスコードが見つかりません: Unknown
処理エラー,シラバスコードが見つかりません: Unknown
処理エラー,シラバスコードが見つかりません: Unknown
処理エラー,シラバスコードが見つかりません: Unknown
処理エラー,シラバスコードが見つかりません: Unknown
処理エラー,シラバスコードが見つかりません: Unknown
処理エラー,シラバスコードが見つかりません: Unknown
処理エラー,シラバスコードが見つかりません: Unknown
処理エラー,シラバスコードが見つかりません: Unknown
処理エラー,シラバスコードが見つかりません: Unknown
処理エラー,シラバスコードが見つかりません: Unknown
処理エラー,シラバスコードが見つかりません: Unknown
処理エラー,シラバスコードが見つかりません: Unknown
処理エラー,シラバスコードが見つかりません: Unknown
処理エラー,シラバスコードが見つかりません: Unknown
処理エラー,シラバスコードが見つかりません: Unknown
処理エラー,シラバスコードが見つかりません: Unknown
処理エラー,シラバスコードが見つかりません: Unknown
処理エラー,シラバスコードが見つかりません: Unknown
処理エラー,シラバスコードが見つかりません: Unknown
処理エラー,シラバスコードが見つかりません: Unknown
処理エラー,シラバスコードが見つかりません: Unknown
処理エラー,シラバスコードが見つかりません: Unknown
処理エラー,シラバスコードが見つかりません: Unknown
処理エラー,シラバスコードが見つかりません: Unknown
処理エラー,シラバスコードが見つかりません: Unknown
処理エラー,シラバスコードが見つかりません: Unknown
処理エラー,シラバスコードが見つかりません: Unknown
処理エラー,シラバスコードが見つかりません: Unknown
処理エラー,シラバスコードが見つかりません: Unknown
処理エラー,シラバスコードが見つかりません: Unknown
処理エラー,シラバスコードが見つかりません: Unknown
処理エラー,シラバスコードが見つかりません: Unknown
処理エラー,シラバスコードが見つかりません: Unknown
処理エラー,シラバスコードが見つかりません: Unknown
処理エラー,シラバスコードが見つかりません: Unknown
処理エラー,シラバスコードが見つかりません: Unknown
処理エラー,シラバスコードが見つかりません: Unknown
処理エラー,シラバスコードが見つかりません: Unknown
処理エラー,シラバスコードが見つかりません: Unknown
処理エラー,シラバスコードが見つかりません: Unknown
処理エラー,シラバスコードが見つかりません: Unknown
処理エラー,シラバスコードが見つかりません: Unknown
処理エラー,シラバスコードが見つかりません: Unknown
処理エラー,シラバスコードが見つかりません: Unknown
処理エラー,シラバスコードが見つかりません: Unknown
処理エラー,シラバスコードが見つかりません: Unknown
処理エラー,シラバスコードが見つかりません: Unknown
処理エラー,シラバスコードが見つかりません: Unknown
処理エラー,シラバスコードが見つかりません: Unknown
処理エラー,シラバスコードが見つかりません: Unknown
処理エラー,シラバスコードが見つかりません: Unknown
処理エラー,シラバスコードが見つかりません: Unknown
処理エラー,シラバスコードが見つかりません: Unknown
処理エラー,シラバスコードが見つかりません: Unknown
処理エラー,シラバスコードが見つかりません: Unknown
処理エラー,シラバスコードが見つかりません: Unknown
処理エラー,シラバスコードが見つかりません: Unknown
処理エラー,シラバスコードが見つかりません: Unknown
処理エラー,シラバスコードが見つかりません: Unknown
処理エラー,シラバスコードが見つかりません: Unknown
処理エラー,シラバスコードが見つかりません: Unknown
処理エラー,シラバスコードが見つかりません: Unknown
処理エラー,シラバスコードが見つかりません: Unknown
処理エラー,シラバスコードが見つかりません: Unknown
処理エラー,シラバスコードが見つかりません: Unknown
処理エラー,シラバスコードが見つかりません: Unknown
処理エラー,シラバスコードが見つかりません: Unknown
処理エラー,シラバスコードが見つかりません: Unknown
処理エラー,シラバスコードが見つかりません: Unknown
処理エラー,シラバスコードが見つかりません: Unknown
処理エラー,シラバスコードが見つかりません: Unknown
処理エラー,シラバスコードが見つかりません: Unknown
処理エラー,シラバスコードが見つかりません: Unknown
処理エラー,シラバスコードが見つかりません: Unknown
処理エラー,シラバスコードが見つかりません: Unknown
処理エラー,シラバスコードが見つかりません: Unknown
処理エラー,シラバスコードが見つかりません: Unknown
処理エラー,シラバスコードが見つかりません: Unknown
処理エラー,シラバスコードが見つかりません: Unknown
処理エラー,シラバスコードが見つかりません: Unknown
処理エラー,シラバスコードが見つかりません: Unknown
処理エラー,シラバスコードが見つかりません: Unknown
処理エラー,シラバスコードが見つかりません: Unknown
処理エラー,シラバスコードが見つかりません: Unknown
処理エラー,シラバスコードが見つかりません: Unknown
処理エラー,シラバスコードが見つかりません: Unknown
処理エラー,シラバスコードが見つかりません: Unknown
処理エラー,シラバスコードが見つかりません: Unknown
処理エラー,シラバスコードが見つかりません: Unknown
処理エラー,シラバスコードが見つかりません: Unknown
処理エラー,シラバスコードが見つかりません: Unknown
処理エラー,シラバスコードが見つかりません: Unknown
処理エラー,シラバスコードが見つかりません: Unknown
処理エラー,シラバスコードが見つかりません: Unknown
処理エラー,シラバスコードが見つかりません: Unknown
処理エラー,シラバスコードが見つかりません: Unknown
処理エラー,シラバスコードが見つかりません: Unknown
処理エラー,シラバスコードが見つかりません: Unknown
処理エラー,シラバスコードが見つかりません: Unknown
処理エラー,シラバスコードが見つかりません: Unknown
処理エラー,シラバスコードが見つかりません: Unknown
処理エラー,シラバスコードが見つかりません: Unknown
処理エラー,シラバスコードが見つかりません: Unknown
処理エラー,シラバスコードが見つかりません: Unknown
処理エラー,シラバスコードが見つかりません: Unknown
処理エラー,シラバスコードが見つかりません: Unknown
処理エラー,シラバスコードが見つかりません: Unknown
処理エラー,シラバスコードが見つかりません: Unknown
処理エラー,シラバスコードが見つかりません: Unknown
処理エラー,シラバスコードが見つかりません: Unknown
処理エラー,シラバスコードが見つかりません: Unknown
処理エラー,シラバスコードが見つかりません: Unknown
処理エラー,シラバスコードが見つかりません: Unknown
処理エラー,シラバスコードが見つかりません: Unknown
処理エラー,シラバスコードが見つかりません: Unknown
処理エラー,シラバスコードが見つかりません: Unknown
処理エラー,シラバスコードが見つかりません: Unknown
処理エラー,シラバスコードが見つかりません: Unknown
処理エラー,シラバスコードが見つかりません: Unknown
処理エラー,シラバスコードが見つかりません: Unknown
処理エラー,シラバスコードが見つかりません: Unknown
処理エラー,シラバスコードが見つかりません: Unknown
処理エラー,シラバスコードが見つかりません: Unknown
処理エラー,シラバスコードが見つかりません: Unknown
処理エラー,シラバスコードが見つかりません: Unknown
処理エラー,シラバスコードが見つかりません: Unknown
処理エラー,シラバスコードが見つかりません: Unknown
処理エラー,シラバスコードが見つかりません: Unknown
処理エラー,シラバスコードが見つかりません: Unknown
処理エラー,シラバスコードが見つかりません: Unknown
処理エラー,シラバスコードが見つかりません: Unknown
処理エラー,シラバスコードが見つかりません: Unknown
処理エラー,シラバスコードが見つかりません: Unknown
処理エラー,シラバスコードが見つかりません: Unknown
処理エラー,シラバスコードが見つかりません: Unknown
処理エラー,シラバスコードが見つかりません: Unknown
処理エラー,シラバスコードが見つかりません: Unknown
処理エラー,シラバスコードが見つかりません: Unknown
処理エラー,シラバスコードが見つかりません: Unknown
処理エラー,シラバスコードが見つかりません: Unknown
処理エラー,シラバスコードが見つかりません: Unknown
処理エラー,シラバスコードが見つかりません: Unknown
処理エラー,シラバスコードが見つかりません: Unknown
処理エラー,シラバスコードが見つかりません: Unknown
処理エラー,シラバスコードが見つかりません: Unknown
処理エラー,シラバスコードが見つかりません: Unknown
処理エラー,シラバスコードが見つかりません: Unknown
処理エラー,シラバスコードが見つかりません: Unknown
処理エラー,シラバスコードが見つかりません: Unknown
処理エラー,シラバスコードが見つかりません: Unknown
処理エラー,シラバスコードが見つかりません: Unknown
処理エラー,シラバスコードが見つかりません: Unknown
処理エラー,シラバスコードが見つかりません: Unknown
処理エラー,シラバスコードが見つかりません: Unknown
処理エラー,シラバスコードが見つかりません: Unknown
処理エラー,シラバスコードが見つかりません: Unknown
処理エラー,シラバスコードが見つかりません: Unknown
処理エラー,シラバスコードが見つかりません: Unknown
処理エラー,シラバスコードが見つかりません: Unknown
処理エラー,シラバスコードが見つかりません: Unknown
処理エラー,シラバスコードが見つかりません: Unknown
処理エラー,シラバスコードが見つかりません: Unknown
処理エラー,シラバスコードが見つかりません: Unknown
処理エラー,シラバスコードが見つかりません: Unknown
処理エラー,シラバスコードが見つかりません: Unknown
処理エラー,シラバスコードが見つかりません: Unknown
処理エラー,シラバスコードが見つかりません: Unknown
処理エラー,シラバスコードが見つかりません: Unknown
処理エラー,シラバスコードが見つかりません: Unknown
処理エラー,シラバスコードが見つかりません: Unknown
処理エラー,シラバスコードが見つかりません: Unknown
処理エラー,シラバスコードが見つかりません: Unknown
処理エラー,シラバスコードが見つかりません: Unknown
処理エラー,シラバスコードが見つかりません: Unknown
処理エラー,シラバスコードが見つかりません: Unknown
処理エラー,シラバスコードが見つかりません: Unknown
処理エラー,シラバスコードが見つかりません: Unknown
処理エラー,シラバスコードが見つかりません: Unknown
処理エラー,シラバスコードが見つかりません: Unknown
処理エラー,シラバスコードが見つかりません: Unknown
処理エラー,シラバスコードが見つかりません: Unknown
処理エラー,シラバスコードが見つかりません: Unknown
処理エラー,シラバスコードが見つかりません: Unknown
処理エラー,シラバスコードが見つかりません: Unknown
処理エラー,シラバスコードが見つかりません: Unknown
処理エラー,シラバスコードが見つかりません: Unknown
処理エラー,シラバスコードが見つかりません: Unknown
処理エラー,シラバスコードが見つかりません: Unknown
処理エラー,シラバスコードが見つかりません: Unknown
処理エラー,シラバスコードが見つかりません: Unknown
処理エラー,シラバスコードが見つかりません: Unknown
処理エラー,シラバスコードが見つかりません: Unknown
処理エラー,シラバスコードが見つかりません: Unknown
処理エラー,シラバスコードが見つかりません: Unknown
処理エラー,シラバスコードが見つかりません: Unknown
処理エラー,シラバスコードが見つかりません: Unknown
処理エラー,シラバスコードが見つかりません: Unknown
処理エラー,シラバスコードが見つかりません: Unknown
処理エラー,シラバスコードが見つかりません: Unknown
処理エラー,シラバスコードが見つかりません: Unknown
処理エラー,シラバスコードが見つかりません: Unknown
処理エラー,シラバスコードが見つかりません: Unknown
処理エラー,シラバスコードが見つかりません: Unknown
処理エラー,シラバスコードが見つかりません: Unknown
処理エラー,シラバスコードが見つかりません: Unknown
処理エラー,シラバスコードが見つかりません: Unknown
処理エラー,シラバスコードが見つかりません: Unknown
処理エラー,シラバスコードが見つかりません: Unknown
処理エラー,シラバスコードが見つかりません: Unknown
処理エラー,シラバスコードが見つかりません: Unknown
処理エラー,シラバスコードが見つかりません: Unknown
処理エラー,シラバスコードが見つかりません: Unknown
処理エラー,シラバスコードが見つかりません: Unknown
処理エラー,シラバスコードが見つかりません: Unknown
処理エラー,シラバスコードが見つかりません: Unknown
処理エラー,シラバスコードが見つかりません: Unknown
処理エラー,シラバスコードが見つかりません: Unknown
処理エラー,シラバスコードが見つかりません: Unknown
処理エラー,シラバスコードが見つかりません: Unknown
処理エラー,シラバスコードが見つかりません: Unknown
処理エラー,シラバスコードが見つかりません: Unknown
処理エラー,シラバスコードが見つかりません: Unknown
処理エラー,シラバスコードが見つかりません: Unknown
処理エラー,シラバスコードが見つかりません: Unknown
処理エラー,シラバスコードが見つかりません: Unknown
処理エラー,シラバスコードが見つかりません: Unknown
処理エラー,シラバスコードが見つかりません: Unknown
処理エラー,シラバスコードが見つかりません: Unknown
処理エラー,シラバスコードが見つかりません: Unknown
処理エラー,シラバスコードが見つかりません: Unknown
処理エラー,シラバスコードが見つかりません: Unknown
処理エラー,シラバスコードが見つかりません: Unknown
処理エラー,シラバスコードが見つかりません: Unknown
処理エラー,シラバスコードが見つかりません: Unknown
処理エラー,シラバスコードが見つかりません: Unknown
処理エラー,シラバスコードが見つかりません: Unknown
処理エラー,シラバスコードが見つかりません: Unknown
処理エラー,シラバスコードが見つかりません: Unknown
処理エラー,シラバスコードが見つかりません: Unknown
処理エラー,シラバスコードが見つかりません: Unknown
処理エラー,シラバスコードが見つかりません: Unknown
処理エラー,シラバスコードが見つかりません: Unknown
処理エラー,シラバスコードが見つかりません: Unknown
処理エラー,シラバスコードが見つかりません: Unknown
処理エラー,シラバスコードが見つかりません: Unknown
処理エラー,シラバスコードが見つかりません: Unknown
処理エラー,シラバスコードが見つかりません: Unknown
処理エラー,シラバスコードが見つかりません: Unknown
処理エラー,シラバスコードが見つかりません: Unknown
処理エラー,シラバスコードが見つかりません: Unknown
処理エラー,シラバスコードが見つかりません: Unknown
処理エラー,シラバスコードが見つかりません: Unknown
処理エラー,シラバスコードが見つかりません: Unknown
処理エラー,シラバスコードが見つかりません: Unknown
処理エラー,シラバスコードが見つかりません: Unknown
処理エラー,シラバスコードが見つかりません: Unknown
処理エラー,シラバスコードが見つかりません: Unknown
処理エラー,シラバスコードが見つかりません: Unknown
処理エラー,シラバスコードが見つかりません: Unknown
処理エラー,シラバスコードが見つかりません: Unknown
処理エラー,シラバスコードが見つかりません: Unknown
処理エラー,シラバスコードが見つかりません: Unknown
処理エラー,シラバスコードが見つかりません: Unknown
処理エラー,シラバスコードが見つかりません: Unknown
処理エラー,シラバスコードが見つかりません: Unknown
処理エラー,シラバスコードが見つかりません: Unknown
処理エラー,シラバスコードが見つかりません: Unknown
処理エラー,シラバスコードが見つかりません: Unknown
処理エラー,シラバスコードが見つかりません: Unknown
処理エラー,シラバスコードが見つかりません: Unknown
処理エラー,シラバスコードが見つかりません: Unknown
処理エラー,シラバスコードが見つかりません: Unknown
処理エラー,シラバスコードが見つかりません: Unknown
処理エラー,シラバスコードが見つかりません: Unknown
処理エラー,シラバスコードが見つかりません: Unknown
処理エラー,シラバスコードが見つかりません: Unknown
処理エラー,シラバスコードが見つかりません: Unknown
処理エラー,シラバスコードが見つかりません: Unknown
処理エラー,シラバスコードが見つかりません: Unknown
処理エラー,シラバスコードが見つかりません: Unknown
処理エラー,シラバスコードが見つかりません: Unknown
処理エラー,シラバスコードが見つかりません: Unknown
処理エラー,シラバスコードが見つかりません: Unknown
処理エラー,シラバスコードが見つかりません: Unknown
処理エラー,シラバスコードが見つかりません: Unknown
処理エラー,シラバスコードが見つかりません: Unknown
処理エラー,シラバスコードが見つかりません: Unknown
処理エラー,シラバスコードが見つかりません: Unknown
処理エラー,シラバスコードが見つかりません: Unknown
処理エラー,シラバスコードが見つかりません: Unknown
処理エラー,シラバスコードが見つかりません: Unknown
処理エラー,シラバスコードが見つかりません: Unknown
処理エラー,シラバスコードが見つかりません: Unknown
処理エラー,シラバスコードが見つかりません: Unknown
処理エラー,シラバスコードが見つかりません: Unknown
処理エラー,シラバスコードが見つかりません: Unknown
処理エラー,シラバスコードが見つかりません: Unknown
処理エラー,シラバスコードが見つかりません: Unknown
処理エラー,シラバスコードが見つかりません: Unknown
処理エラー,シラバスコードが見つかりません: Unknown
処理エラー,シラバスコードが見つかりません: Unknown
処理エラー,シラバスコードが見つかりません: Unknown
処理エラー,シラバスコードが見つかりません: Unknown
処理エラー,シラバスコードが見つかりません: Unknown
処理エラー,シラバスコードが見つかりません: Unknown
処理エラー,シラバスコードが見つかりません: Unknown
処理エラー,シラバスコードが見つかりません: Unknown
処理エラー,シラバスコードが見つかりません: Unknown
処理エラー,シラバスコードが見つかりません: Unknown
処理エラー,シラバスコードが見つかりません: Unknown
処理エラー,シラバスコードが見つかりません: Unknown
処理エラー,シラバスコードが見つかりません: Unknown
処理エラー,シラバスコードが見つかりません: Unknown
最終エラー,通常の講義セッション情報が見つかりませんでした
最終エラー,不規則な講義セッション情報が見つかりませんでした
